MUNI_CD,pref,county,city,ward,lon,lat
01101,北海道,,札幌市,中央区,141.35389,43.061414
01102,北海道,,札幌市,北区,141.340882,43.090693
01103,北海道,,札幌市,東区,141.363662,43.076242
01104,北海道,,札幌市,白石区,141.396521,43.045637
01105,北海道,,札幌市,豊平区,141.379974,43.03137
01106,北海道,,札幌市,南区,141.353496,42.989995
01107,北海道,,札幌市,西区,141.300898,43.074347
01108,北海道,,札幌市,厚別区,141.474733,43.036213
01109,北海道,,札幌市,手稲区,141.24578200000002,43.121972
01110,北海道,,札幌市,清田区,141.443842,42.999432
01202,北海道,,函館市,,140.729108,41.768712
01203,北海道,,小樽市,,140.9946054,43.19075267
01204,北海道,,旭川市,,142.365314,43.771404
01205,北海道,,室蘭市,,140.973784,42.315204
01206,北海道,,釧路市,,144.38167,42.984856
01207,北海道,,帯広市,,143.196195,42.924014
01208,北海道,,北見市,,143.894806,43.803066
01209,北海道,,夕張市,,141.974069,43.056814
01210,北海道,,岩見沢市,,141.775857,43.196169
01211,北海道,,網走市,,144.273422,44.020631
01212,北海道,,留萌市,,141.637009,43.940987
01213,北海道,,苫小牧市,,141.605503,42.634094
01214,北海道,,稚内市,,141.673082,45.415675
01215,北海道,,美唄市,,141.853986,43.332951
01216,北海道,,芦別市,,142.189552,43.51821
01217,北海道,,江別市,,141.536103,43.103666
01218,北海道,,赤平市,,142.044223,43.558039
01219,北海道,,紋別市,,143.354279,44.356332
01220,北海道,,士別市,,142.400182,44.178626
01221,北海道,,名寄市,,142.463134,44.355924
01222,北海道,,三笠市,,141.875342,43.245622
01223,北海道,,根室市,,145.582903,43.330036
01224,北海道,,千歳市,,141.651139,42.821124
01225,北海道,,滝川市,,141.910371,43.557753
01226,北海道,,砂川市,,141.902504,43.494254
01227,北海道,,歌志内市,,142.035353,43.521682
01228,北海道,,深川市,,142.053528,43.723184
01229,北海道,,富良野市,,142.383104,43.342024
01230,北海道,,登別市,,141.106556,42.412735
01231,北海道,,恵庭市,,141.577799,42.882592
01233,北海道,,伊達市,,140.86470200000002,42.471898
01234,北海道,,北広島市,,141.563625,42.985663
01235,北海道,,石狩市,,141.315514,43.171365
01236,北海道,,北斗市,,140.653067,41.824174
01303,北海道,石狩郡,当別町,,141.5170027,43.22363701
01304,北海道,石狩郡,新篠津村,,141.649247,43.22536800000001
01331,北海道,松前郡,松前町,,140.110403,41.429981
01332,北海道,松前郡,福島町,,140.251315,41.483783
01333,北海道,上磯郡,知内町,,140.418861,41.598377
01334,北海道,上磯郡,木古内町,,140.437635,41.678332
01337,北海道,亀田郡,七飯町,,140.694405,41.895711
01343,北海道,茅部郡,鹿部町,,140.831691,42.026623
01345,北海道,茅部郡,森町,,140.576446,42.104992
01346,北海道,二海郡,八雲町,,140.265224,42.255918
01347,北海道,山越郡,長万部町,,140.380344,42.513488
01361,北海道,檜山郡,江差町,,140.12756,41.869244
01362,北海道,檜山郡,上ノ国町,,140.121398,41.80104200000001
01363,北海道,檜山郡,厚沢部町,,140.225475,41.920895
01364,北海道,爾志郡,乙部町,,140.13546,41.968504
01367,北海道,奥尻郡,奥尻町,,139.514121,42.17226
01370,北海道,瀬棚郡,今金町,,140.008766,42.429373
01371,北海道,久遠郡,せたな町,,139.882999,42.417145
01391,北海道,島牧郡,島牧村,,140.061454,42.700471
01392,北海道,寿都郡,寿都町,,140.228891,42.790984
01393,北海道,寿都郡,黒松内町,,140.307739,42.667788
01394,北海道,磯谷郡,蘭越町,,140.528346,42.809205
01395,北海道,虻田郡,ニセコ町,,140.68801,42.805036
01396,北海道,虻田郡,真狩村,,140.803669,42.762955
01397,北海道,虻田郡,留寿都村,,140.875574,42.737263
01398,北海道,虻田郡,喜茂別町,,140.934532,42.795439
01399,北海道,虻田郡,京極町,,140.883999,42.858216
01400,北海道,虻田郡,倶知安町,,140.758878,42.901752
01401,北海道,岩内郡,共和町,,140.611175,42.980407
01402,北海道,岩内郡,岩内町,,140.514729,42.979778
01403,北海道,古宇郡,泊村,,140.498857,43.063212
01404,北海道,古宇郡,神恵内村,,140.430776,43.143348
01405,北海道,積丹郡,積丹町,,140.598001,43.29871
01406,北海道,古平郡,古平町,,140.638711,43.264027
01407,北海道,余市郡,仁木町,,140.766168,43.151675
01408,北海道,余市郡,余市町,,140.783542,43.195343
01409,北海道,余市郡,赤井川村,,140.81364,43.083479
01423,北海道,空知郡,南幌町,,141.65033,43.063739
01424,北海道,空知郡,奈井江町,,141.882816,43.42535300000001
01425,北海道,空知郡,上砂川町,,141.984064,43.482538
01427,北海道,夕張郡,由仁町,,141.790309,42.999598
01428,北海道,夕張郡,長沼町,,141.695367,43.01034
01429,北海道,夕張郡,栗山町,,141.784099,43.05629
01430,北海道,樺戸郡,月形町,,141.669604,43.338397
01431,北海道,樺戸郡,浦臼町,,141.818727,43.430363
01432,北海道,樺戸郡,新十津川町,,141.877009,43.5485
01433,北海道,雨竜郡,妹背牛町,,141.961606,43.700093
01434,北海道,雨竜郡,秩父別町,,141.957896,43.767
01436,北海道,雨竜郡,雨竜町,,141.889036,43.643943
01437,北海道,雨竜郡,北竜町,,141.879409,43.731426
01438,北海道,雨竜郡,沼田町,,141.933817,43.806740000000005
01452,北海道,上川郡,鷹栖町,,142.354382,43.843321
01453,北海道,上川郡,東神楽町,,142.451571,43.69630300000001
01454,北海道,上川郡,当麻町,,142.508388,43.828201
01455,北海道,上川郡,比布町,,142.477699,43.875021
01456,北海道,上川郡,愛別町,,142.577822,43.906679
01457,北海道,上川郡,上川町,,142.770459,43.847128
01458,北海道,上川郡,東川町,,142.510128,43.698877
01459,北海道,上川郡,美瑛町,,142.467055,43.588279
01460,北海道,空知郡,上富良野町,,142.467112,43.455614
01461,北海道,空知郡,中富良野町,,142.425034,43.405576
01462,北海道,空知郡,南富良野町,,142.568522,43.164088
01463,北海道,勇払郡,占冠村,,142.398526,42.979836
01464,北海道,上川郡,和寒町,,142.413383,44.023119
01465,北海道,上川郡,剣淵町,,142.361007,44.095746
01468,北海道,上川郡,下川町,,142.635219,44.302576
01469,北海道,中川郡,美深町,,142.34296300000003,44.480994
01470,北海道,中川郡,音威子府村,,142.262458,44.725096
01471,北海道,中川郡,中川町,,142.071409,44.811488
01472,北海道,雨竜郡,幌加内町,,142.153828,44.009812
01481,北海道,増毛郡,増毛町,,141.524978,43.856063
01482,北海道,留萌郡,小平町,,141.662828,44.015141
01483,北海道,苫前郡,苫前町,,141.652932,44.306086
01484,北海道,苫前郡,羽幌町,,141.697249,44.36061
01485,北海道,苫前郡,初山別村,,141.766342,44.532149
01486,北海道,天塩郡,遠別町,,141.792322,44.722462
01487,北海道,天塩郡,天塩町,,141.745324,44.888121
01511,北海道,宗谷郡,猿払村,,142.108945,45.33061
01512,北海道,枝幸郡,浜頓別町,,142.35964,45.123716
01513,北海道,枝幸郡,中頓別町,,142.286705,44.96971
01514,北海道,枝幸郡,枝幸町,,142.581405,44.9387
01516,北海道,天塩郡,豊富町,,141.777508,45.102847
01517,北海道,礼文郡,礼文町,,141.047717,45.303062
01518,北海道,利尻郡,利尻町,,141.139597,45.187041
01519,北海道,利尻郡,利尻富士町,,141.214719,45.247459
01520,北海道,天塩郡,幌延町,,141.849386,45.017635
01543,北海道,網走郡,美幌町,,144.107151,43.823721000000006
01544,北海道,網走郡,津別町,,144.024803,43.706316
01545,北海道,斜里郡,斜里町,,144.670713,43.911441
01546,北海道,斜里郡,清里町,,144.594582,43.835224
01547,北海道,斜里郡,小清水町,,144.462554,43.857067
01549,北海道,常呂郡,訓子府町,,143.741665,43.725328
01550,北海道,常呂郡,置戸町,,143.586402,43.676328
01552,北海道,常呂郡,佐呂間町,,143.774714,44.017859
01555,北海道,紋別郡,遠軽町,,143.527726,44.061947
01559,北海道,紋別郡,湧別町,,143.572919,44.151465
01560,北海道,紋別郡,滝上町,,143.07765,44.19227
01561,北海道,紋別郡,興部町,,143.123699,44.469874
01562,北海道,紋別郡,西興部村,,142.944445,44.328833
01563,北海道,紋別郡,雄武町,,142.961863,44.582482
01564,北海道,網走郡,大空町,,144.172473,43.911858
01571,北海道,虻田郡,豊浦町,,140.711815,42.583464
01575,北海道,有珠郡,壮瞥町,,140.885472,42.552556
01578,北海道,白老郡,白老町,,141.355861,42.551259
01581,北海道,勇払郡,厚真町,,141.877841,42.723566
01584,北海道,虻田郡,洞爺湖町,,140.764128,42.551223
01585,北海道,勇払郡,安平町,,141.818047,42.762798
01586,北海道,勇払郡,むかわ町,,141.926761,42.574741
01601,北海道,沙流郡,日高町,,142.07435900000002,42.480318
01602,北海道,沙流郡,平取町,,142.128525,42.585098
01604,北海道,新冠郡,新冠町,,142.318315,42.362417
01607,北海道,浦河郡,浦河町,,142.768213,42.168355
01608,北海道,様似郡,様似町,,142.933797,42.127737
01609,北海道,幌泉郡,えりも町,,143.148348,42.016298
01610,北海道,日高郡,新ひだか町,,142.368588,42.341276
01631,北海道,河東郡,音更町,,143.197869,42.994115
01632,北海道,河東郡,士幌町,,143.241344,43.168047
01633,北海道,河東郡,上士幌町,,143.296243,43.232615
01634,北海道,河東郡,鹿追町,,142.989028,43.098876
01635,北海道,上川郡,新得町,,142.838822,43.079741
01636,北海道,上川郡,清水町,,142.884568,43.011423
01637,北海道,河西郡,芽室町,,143.050807,42.91189
01638,北海道,河西郡,中札内村,,143.134453,42.697734
01639,北海道,河西郡,更別村,,143.187794,42.650415
01641,北海道,広尾郡,大樹町,,143.27891,42.497525
01642,北海道,広尾郡,広尾町,,143.311498,42.285841
01643,北海道,中川郡,幕別町,,143.356085,42.908198
01644,北海道,中川郡,池田町,,143.448472,42.92898
01645,北海道,中川郡,豊頃町,,143.5059,42.801023
01646,北海道,中川郡,本別町,,143.610962,43.124615
01647,北海道,足寄郡,足寄町,,143.55393,43.244786
01648,北海道,足寄郡,陸別町,,143.747305,43.468914
01649,北海道,十勝郡,浦幌町,,143.658581,42.808947
01661,北海道,釧路郡,釧路町,,144.466081,42.996124
01662,北海道,厚岸郡,厚岸町,,144.847443,43.051951
01663,北海道,厚岸郡,浜中町,,145.131133,43.075949
01664,北海道,川上郡,標茶町,,144.600665,43.303337
01665,北海道,川上郡,弟子屈町,,144.459223,43.485352
01667,北海道,阿寒郡,鶴居村,,144.321165,43.23016
01668,北海道,白糠郡,白糠町,,144.071805,42.956161
01691,北海道,野付郡,別海町,,145.117341,43.39399
01692,北海道,標津郡,中標津町,,144.971504,43.555191
01693,北海道,標津郡,標津町,,145.131325,43.661309
01694,北海道,目梨郡,羅臼町,,145.189532,44.021953
01695,北海道,色丹郡,色丹村,,145.582903,43.330036
01696,北海道,国後郡,泊村,,145.582903,43.330036
01697,北海道,国後郡,留夜別村,,145.582903,43.330036
01698,北海道,択捉郡,留別村,,145.582903,43.330036
01699,北海道,紗那郡,紗那村,,145.582903,43.330036
01700,北海道,蘂取郡,蘂取村,,145.582903,43.330036
02201,青森県,,青森市,,140.74732,40.822358
02202,青森県,,弘前市,,140.464008,40.602965
02203,青森県,,八戸市,,141.488404,40.512278
02204,青森県,,黒石市,,140.594547,40.642608
02205,青森県,,五所川原市,,140.446075,40.807695
02206,青森県,,十和田市,,141.20591,40.612703
02207,青森県,,三沢市,,141.369093,40.683078
02208,青森県,,むつ市,,141.183174,41.292835
02209,青森県,,つがる市,,140.380195,40.808836
02210,青森県,,平川市,,140.566506,40.584114
02301,青森県,東津軽郡,平内町,,140.955884,40.92602300000001
02303,青森県,東津軽郡,今別町,,140.48161,41.181875
02304,青森県,東津軽郡,蓬田村,,140.656053,40.971779
02307,青森県,東津軽郡,外ヶ浜町,,140.632243,41.043159
02321,青森県,西津軽郡,鰺ヶ沢町,,140.233902,40.783011
02323,青森県,西津軽郡,深浦町,,139.927431,40.647876
02343,青森県,中津軽郡,西目屋村,,140.297277,40.577553
02361,青森県,南津軽郡,藤崎町,,140.502824,40.656064
02362,青森県,南津軽郡,大鰐町,,140.567878,40.518356
02367,青森県,南津軽郡,田舎館村,,140.550198,40.631259
02381,青森県,北津軽郡,板柳町,,140.457414,40.695896
02384,青森県,北津軽郡,鶴田町,,140.428702,40.758819
02387,青森県,北津軽郡,中泊町,,140.434113,40.96044
02401,青森県,上北郡,野辺地町,,141.128685,40.864447
02402,青森県,上北郡,七戸町,,141.157991,40.744714
02405,青森県,上北郡,六戸町,,141.324958,40.609526
02406,青森県,上北郡,横浜町,,141.247782,41.083155
02408,青森県,上北郡,東北町,,141.257888,40.727871
02411,青森県,上北郡,六ヶ所村,,141.374434,40.967375
02412,青森県,上北郡,おいらせ町,,141.397822,40.599104
02423,青森県,下北郡,大間町,,140.90483,41.522371
02424,青森県,下北郡,東通村,,141.3289,41.277726
02425,青森県,下北郡,風間浦村,,140.995534,41.487487
02426,青森県,下北郡,佐井村,,140.859175,41.429718
02441,青森県,三戸郡,三戸町,,141.25874,40.378423
02442,青森県,三戸郡,五戸町,,141.307813,40.531208
02443,青森県,三戸郡,田子町,,141.15215,40.34003
02445,青森県,三戸郡,南部町,,141.330464,40.420431
02446,青森県,三戸郡,階上町,,141.621001,40.452454
02450,青森県,三戸郡,新郷村,,141.1734,40.465784
03201,岩手県,,盛岡市,,141.154183,39.701795
03202,岩手県,,宮古市,,141.946133,39.639517
03203,岩手県,,大船渡市,,141.708547,39.081901
03205,岩手県,,花巻市,,141.116854,39.388609
03206,岩手県,,北上市,,141.11315700000003,39.286817
03207,岩手県,,久慈市,,141.775644,40.190466
03208,岩手県,,遠野市,,141.531463,39.33065
03209,岩手県,,一関市,,141.126759,38.934754
03210,岩手県,,陸前高田市,,141.633237,39.020372
03211,岩手県,,釜石市,,141.885716,39.27581
03213,岩手県,,二戸市,,141.304805,40.271193
03214,岩手県,,八幡平市,,141.07112,39.956511
03215,岩手県,,奥州市,,141.139116,39.144506
03216,岩手県,,滝沢市,,141.077065,39.734739000000005
03301,岩手県,岩手郡,雫石町,,140.975779,39.696319
03302,岩手県,岩手郡,葛巻町,,141.436719,40.03984
03303,岩手県,岩手郡,岩手町,,141.212166,39.972768
03321,岩手県,紫波郡,紫波町,,141.155782,39.554531
03322,岩手県,紫波郡,矢巾町,,141.143001,39.606006
03366,岩手県,和賀郡,西和賀町,,140.778754,39.317906
03381,岩手県,胆沢郡,金ケ崎町,,141.116408,39.195687
03402,岩手県,西磐井郡,平泉町,,141.11398,38.986781
03441,岩手県,気仙郡,住田町,,141.575065,39.142223
03461,岩手県,上閉伊郡,大槌町,,141.899731,39.358196
03482,岩手県,下閉伊郡,山田町,,141.948923,39.467619
03483,岩手県,下閉伊郡,岩泉町,,141.796675,39.843204
03484,岩手県,下閉伊郡,田野畑村,,141.888864,39.930454
03485,岩手県,下閉伊郡,普代村,,141.886014,40.005164
03501,岩手県,九戸郡,軽米町,,141.460349,40.326678
03503,岩手県,九戸郡,野田村,,141.817674,40.110272
03506,岩手県,九戸郡,九戸村,,141.418982,40.211356
03507,岩手県,九戸郡,洋野町,,141.71865,40.40829800000001
03524,岩手県,二戸郡,一戸町,,141.29546,40.21273300000001
04101,宮城県,,仙台市,青葉区,140.870378,38.269087
04102,宮城県,,仙台市,宮城野区,140.909841,38.266189
04103,宮城県,,仙台市,若林区,140.900748,38.24418
04104,宮城県,,仙台市,太白区,140.877212,38.224395
04105,宮城県,,仙台市,泉区,140.881615,38.326361
04202,宮城県,,石巻市,,141.302906,38.434457
04203,宮城県,,塩竈市,,141.02203,38.31436
04205,宮城県,,気仙沼市,,141.570044,38.908127
04206,宮城県,,白石市,,140.619888,38.002467
04207,宮城県,,名取市,,140.891849,38.171501
04208,宮城県,,角田市,,140.781543,37.977016
04209,宮城県,,多賀城市,,141.004369,38.293803
04211,宮城県,,岩沼市,,140.869949,38.104303
04212,宮城県,,登米市,,141.18772,38.691856
04213,宮城県,,栗原市,,141.021508,38.730062
04214,宮城県,,東松島市,,141.210278,38.426134
04215,宮城県,,大崎市,,140.955565,38.577132
04216,宮城県,,富谷市,,140.895485,38.399918
04301,宮城県,刈田郡,蔵王町,,140.65868,38.098128
04302,宮城県,刈田郡,七ヶ宿町,,140.441615,37.993063
04321,宮城県,柴田郡,大河原町,,140.730774,38.049412
04322,宮城県,柴田郡,村田町,,140.722404,38.118589
04323,宮城県,柴田郡,柴田町,,140.765798,38.056599
04324,宮城県,柴田郡,川崎町,,140.643188,38.17775100000001
04341,宮城県,伊具郡,丸森町,,140.765365,37.911536
04361,宮城県,亘理郡,亘理町,,140.867917,38.044251
04362,宮城県,亘理郡,山元町,,140.877529,37.962405
04401,宮城県,宮城郡,松島町,,141.067291,38.380149
04404,宮城県,宮城郡,七ヶ浜町,,141.059143,38.304554
04406,宮城県,宮城郡,利府町,,140.975793,38.330355
04421,宮城県,黒川郡,大和町,,140.88630900000004,38.43733
04422,宮城県,黒川郡,大郷町,,141.00446000000002,38.424244
04424,宮城県,黒川郡,大衡村,,140.879982,38.467278
04444,宮城県,加美郡,色麻町,,140.849876,38.548921
04445,宮城県,加美郡,加美町,,140.854759,38.57177
04501,宮城県,遠田郡,涌谷町,,141.128105,38.539704
04505,宮城県,遠田郡,美里町,,141.056717,38.5444
04581,宮城県,牡鹿郡,女川町,,141.442972,38.445417
04606,宮城県,本吉郡,南三陸町,,141.462552,38.680707
05201,秋田県,,秋田市,,140.102512,39.719929
05202,秋田県,,能代市,,140.026641,40.212131
05203,秋田県,,横手市,,140.566636,39.313777
05204,秋田県,,大館市,,140.5643629,40.27137212
05206,秋田県,,男鹿市,,139.8475,39.886721
05207,秋田県,,湯沢市,,140.494683,39.164074
05209,秋田県,,鹿角市,,140.788519,40.215789
05210,秋田県,,由利本荘市,,140.048819,39.385814
05211,秋田県,,潟上市,,140.013054,39.857248
05212,秋田県,,大仙市,,140.475448,39.45309
05213,秋田県,,北秋田市,,140.370728,40.226046
05214,秋田県,,にかほ市,,139.907649,39.203067
05215,秋田県,,仙北市,,140.730728,39.700044
05303,秋田県,鹿角郡,小坂町,,140.736191,40.332926
05327,秋田県,北秋田郡,上小阿仁村,,140.295736,40.063263
05346,秋田県,山本郡,藤里町,,140.261879,40.278399
05348,秋田県,山本郡,三種町,,140.004981,40.101615
05349,秋田県,山本郡,八峰町,,140.038618,40.318715
05361,秋田県,南秋田郡,五城目町,,140.111309,39.943895
05363,秋田県,南秋田郡,八郎潟町,,140.073335,39.949355
05366,秋田県,南秋田郡,井川町,,140.081265,39.914188
05368,秋田県,南秋田郡,大潟村,,139.960064,40.017788
05434,秋田県,仙北郡,美郷町,,140.582127,39.461633
05463,秋田県,雄勝郡,羽後町,,140.412881,39.199323
05464,秋田県,雄勝郡,東成瀬村,,140.648892,39.179185
06201,山形県,,山形市,,140.339605,38.255436
06202,山形県,,米沢市,,140.116683,37.922242
06203,山形県,,鶴岡市,,139.826725,38.727183
06204,山形県,,酒田市,,139.836513,38.914386
06205,山形県,,新庄市,,140.301664,38.76496
06206,山形県,,寒河江市,,140.276068,38.380954
06207,山形県,,上山市,,140.26783,38.149562
06208,山形県,,村山市,,140.38038,38.483352
06209,山形県,,長井市,,140.03404,38.105998
06210,山形県,,天童市,,140.377802,38.362177
06211,山形県,,東根市,,140.391021,38.431292
06212,山形県,,尾花沢市,,140.406824,38.601071
06213,山形県,,南陽市,,140.148309,38.055116
06301,山形県,東村山郡,山辺町,,140.26218,38.289217
06302,山形県,東村山郡,中山町,,140.283051,38.333122
06321,山形県,西村山郡,河北町,,140.31431,38.426276
06322,山形県,西村山郡,西川町,,140.147661,38.426487
06323,山形県,西村山郡,朝日町,,140.145924,38.299293
06324,山形県,西村山郡,大江町,,140.206793,38.380713
06341,山形県,北村山郡,大石田町,,140.372647,38.593877
06361,山形県,最上郡,金山町,,140.339367,38.88344
06362,山形県,最上郡,最上町,,140.519359,38.75846700000001
06363,山形県,最上郡,舟形町,,140.319988,38.691417
06364,山形県,最上郡,真室川町,,140.251567,38.856933
06365,山形県,最上郡,大蔵村,,140.230368,38.704121
06366,山形県,最上郡,鮭川村,,140.222007,38.796455
06367,山形県,最上郡,戸沢村,,140.143569,38.737601
06381,山形県,東置賜郡,高畠町,,140.189113,38.002745
06382,山形県,東置賜郡,川西町,,140.053094,38.005188
06401,山形県,西置賜郡,小国町,,139.743333,38.061391
06402,山形県,西置賜郡,白鷹町,,140.098571,38.183069
06403,山形県,西置賜郡,飯豊町,,139.987617,38.045714
06426,山形県,東田川郡,三川町,,139.849612,38.794529
06428,山形県,東田川郡,庄内町,,139.904723,38.849845
06461,山形県,飽海郡,遊佐町,,139.908673,39.014837
07201,福島県,,福島市,,140.473269,37.760759
07202,福島県,,会津若松市,,139.929707,37.494842
07203,福島県,,郡山市,,140.35965,37.400455
07204,福島県,,いわき市,,140.887687,37.050456
07205,福島県,,白河市,,140.210923,37.126379
07207,福島県,,須賀川市,,140.37253400000003,37.286913
07208,福島県,,喜多方市,,139.874484,37.651134
07209,福島県,,相馬市,,140.9189,37.797242
07210,福島県,,二本松市,,140.431199,37.584783
07211,福島県,,田村市,,140.576339,37.440592
07212,福島県,,南相馬市,,140.957237,37.642197
07213,福島県,,伊達市,,140.562894,37.819095
07214,福島県,,本宮市,,140.393877,37.513162
07301,福島県,伊達郡,桑折町,,140.520775,37.85464
07303,福島県,伊達郡,国見町,,140.549228,37.876822
07308,福島県,伊達郡,川俣町,,140.598244,37.664989
07322,福島県,安達郡,大玉村,,140.371058,37.534362
07342,福島県,岩瀬郡,鏡石町,,140.343405,37.252858
07344,福島県,岩瀬郡,天栄村,,140.247165,37.255576
07362,福島県,南会津郡,下郷町,,139.872084,37.255571
07364,福島県,南会津郡,檜枝岐村,,139.388941,37.024141
07367,福島県,南会津郡,只見町,,139.315789,37.348657
07368,福島県,南会津郡,南会津町,,139.773215,37.200389
07402,福島県,耶麻郡,北塩原村,,139.937383,37.655673
07405,福島県,耶麻郡,西会津町,,139.649314,37.5874
07407,福島県,耶麻郡,磐梯町,,139.988766,37.562099
07408,福島県,耶麻郡,猪苗代町,,140.104794,37.557799
07421,福島県,河沼郡,会津坂下町,,139.821732,37.561457
07422,福島県,河沼郡,湯川村,,139.886738,37.565657
07423,福島県,河沼郡,柳津町,,139.719552,37.526035
07444,福島県,大沼郡,三島町,,139.644441,37.470292
07445,福島県,大沼郡,金山町,,139.524524,37.453735
07446,福島県,大沼郡,昭和村,,139.610666,37.335446
07447,福島県,大沼郡,会津美里町,,139.834011,37.46524
07461,福島県,西白河郡,西郷村,,140.155299,37.141767
07464,福島県,西白河郡,泉崎村,,140.303441,37.153797
07465,福島県,西白河郡,中島村,,140.35023,37.148756
07466,福島県,西白河郡,矢吹町,,140.338493,37.201221
07481,福島県,東白川郡,棚倉町,,140.379591,37.029867
07482,福島県,東白川郡,矢祭町,,140.424755,36.871334
07483,福島県,東白川郡,塙町,,140.409647,36.957238
07484,福島県,東白川郡,鮫川村,,140.509699,37.042229
07501,福島県,石川郡,石川町,,140.446767,37.157055
07502,福島県,石川郡,玉川村,,140.408939,37.210718
07503,福島県,石川郡,平田村,,140.575685,37.221944
07504,福島県,石川郡,浅川町,,140.412852,37.080947
07505,福島県,石川郡,古殿町,,140.555692,37.089182
07521,福島県,田村郡,三春町,,140.492575,37.441047
07522,福島県,田村郡,小野町,,140.62628,37.286823
07541,福島県,双葉郡,広野町,,140.994561,37.214403
07542,福島県,双葉郡,楢葉町,,140.993465,37.282605
07543,福島県,双葉郡,富岡町,,141.008652,37.345496000000004
07544,福島県,双葉郡,川内村,,140.809266,37.33768
07545,福島県,双葉郡,大熊町,,140.958329,37.38175700000001
07546,福島県,双葉郡,双葉町,,141.00634,37.452917
07547,福島県,双葉郡,浪江町,,141.0007459,37.49459414
07548,福島県,双葉郡,葛尾村,,140.764518,37.503547
07561,福島県,相馬郡,新地町,,140.919591,37.876379
07564,福島県,相馬郡,飯舘村,,140.735091,37.678947
08201,茨城県,,水戸市,,140.471222,36.365861
08202,茨城県,,日立市,,140.65154600000002,36.599016
08203,茨城県,,土浦市,,140.204306,36.078313
08204,茨城県,,古河市,,139.755371,36.178228
08205,茨城県,,石岡市,,140.287242,36.19084
08207,茨城県,,結城市,,139.871455,36.289588
08208,茨城県,,龍ケ崎市,,140.182265,35.911594
08210,茨城県,,下妻市,,139.96824,36.184368
08211,茨城県,,常総市,,139.993934,36.023563
08212,茨城県,,常陸太田市,,140.530929,36.538227
08214,茨城県,,高萩市,,140.709302,36.713796
08215,茨城県,,北茨城市,,140.751032,36.801892
08216,茨城県,,笠間市,,140.304232,36.345128
08217,茨城県,,取手市,,140.050305,35.911474
08219,茨城県,,牛久市,,140.149532,35.979397
08220,茨城県,,つくば市,,140.0764732,36.08356016
08221,茨城県,,ひたちなか市,,140.534676,36.396615
08222,茨城県,,鹿嶋市,,140.6448524,35.9657207
08223,茨城県,,潮来市,,140.555364,35.947134
08224,茨城県,,守谷市,,139.9754653,35.95132697
08225,茨城県,,常陸大宮市,,140.411012,36.542592
08226,茨城県,,那珂市,,140.486726,36.457424
08227,茨城県,,筑西市,,139.97941600000001,36.305241
08228,茨城県,,坂東市,,139.88868,36.048363
08229,茨城県,,稲敷市,,140.303612,35.972914
08230,茨城県,,かすみがうら市,,140.23700600000004,36.151812
08231,茨城県,,桜川市,,140.090478,36.327273
08232,茨城県,,神栖市,,140.664527,35.889972
08233,茨城県,,行方市,,140.4890999,35.99016591
08234,茨城県,,鉾田市,,140.516437,36.158687
08235,茨城県,,つくばみらい市,,140.037069,35.962911
08236,茨城県,,小美玉市,,140.352589,36.239283
08302,茨城県,東茨城郡,茨城町,,140.424517,36.286921
08309,茨城県,東茨城郡,大洗町,,140.574888,36.313356
08310,茨城県,東茨城郡,城里町,,140.376241,36.479297
08341,茨城県,那珂郡,東海村,,140.566301,36.472882
08364,茨城県,久慈郡,大子町,,140.36346900000004,36.764385
08442,茨城県,稲敷郡,美浦村,,140.301906,36.004554
08443,茨城県,稲敷郡,阿見町,,140.214769,36.03087
08447,茨城県,稲敷郡,河内町,,140.244516,35.884743
08521,茨城県,結城郡,八千代町,,139.891145,36.18163200000001
08542,茨城県,猿島郡,五霞町,,139.745832,36.114116
08546,茨城県,猿島郡,境町,,139.795054,36.108529
08564,茨城県,北相馬郡,利根町,,140.139106,35.857825
09201,栃木県,,宇都宮市,,139.882807,36.555115
09202,栃木県,,足利市,,139.449696,36.340146
09203,栃木県,,栃木市,,139.7341111,36.38241388000001
09204,栃木県,,佐野市,,139.578369,36.314354
09205,栃木県,,鹿沼市,,139.745098,36.56712
09206,栃木県,,日光市,,139.698204,36.719861
09208,栃木県,,小山市,,139.800132,36.314477
09209,栃木県,,真岡市,,140.013428,36.440427
09210,栃木県,,大田原市,,140.015458,36.871076
09211,栃木県,,矢板市,,139.924226,36.806732
09213,栃木県,,那須塩原市,,140.046044,36.96169
09214,栃木県,,さくら市,,139.966474,36.685295
09215,栃木県,,那須烏山市,,140.151376,36.656891
09216,栃木県,,下野市,,139.851928,36.39521
09301,栃木県,河内郡,上三川町,,139.910214,36.439268
09342,栃木県,芳賀郡,益子町,,140.093381,36.46735300000001
09343,栃木県,芳賀郡,茂木町,,140.187535,36.532184
09344,栃木県,芳賀郡,市貝町,,140.102113,36.543242
09345,栃木県,芳賀郡,芳賀町,,140.058199,36.548212
09361,栃木県,下都賀郡,壬生町,,139.814656,36.442168
09364,栃木県,下都賀郡,野木町,,139.740818,36.233263
09384,栃木県,塩谷郡,塩谷町,,139.85752,36.779292000000005
09386,栃木県,塩谷郡,高根沢町,,139.986672,36.630976
09407,栃木県,那須郡,那須町,,140.121008,37.01977
09411,栃木県,那須郡,那珂川町,,140.172227,36.73622300000001
10201,群馬県,,前橋市,,139.063493,36.389413
10202,群馬県,,高崎市,,139.00335500000003,36.32195
10203,群馬県,,桐生市,,139.330646,36.40521
10204,群馬県,,伊勢崎市,,139.19696,36.311341
10205,群馬県,,太田市,,139.37536,36.291127
10206,群馬県,,沼田市,,139.042792,36.643962
10207,群馬県,,館林市,,139.542057,36.24484100000001
10208,群馬県,,渋川市,,139.000394,36.48948
10209,群馬県,,藤岡市,,139.074564,36.258509
10210,群馬県,,富岡市,,138.889954,36.259852
10211,群馬県,,安中市,,138.887244,36.326298
10212,群馬県,,みどり市,,139.281076,36.394819
10344,群馬県,北群馬郡,榛東村,,138.967118,36.438647
10345,群馬県,北群馬郡,吉岡町,,139.0097,36.447443
10366,群馬県,多野郡,上野村,,138.77733400000002,36.083135
10367,群馬県,多野郡,神流町,,138.916991,36.116013
10382,群馬県,甘楽郡,下仁田町,,138.789083,36.21247
10383,群馬県,甘楽郡,南牧村,,138.711406,36.158553
10384,群馬県,甘楽郡,甘楽町,,138.921752,36.243009
10421,群馬県,吾妻郡,中之条町,,138.841075,36.589843
10424,群馬県,吾妻郡,長野原町,,138.649837,36.544316
10425,群馬県,吾妻郡,嬬恋村,,138.530298,36.516735
10426,群馬県,吾妻郡,草津町,,138.596127,36.620711
10428,群馬県,吾妻郡,高山村,,138.943477,36.62080900000001
10429,群馬県,吾妻郡,東吾妻町,,138.820512,36.571557
10443,群馬県,利根郡,片品村,,139.225241,36.772549
10444,群馬県,利根郡,川場村,,139.106512,36.694683
10448,群馬県,利根郡,昭和村,,139.065881,36.639761
10449,群馬県,利根郡,みなかみ町,,138.999055,36.678650000000005
10464,群馬県,佐波郡,玉村町,,139.114916,36.304435
10521,群馬県,邑楽郡,板倉町,,139.602097,36.22596
10522,群馬県,邑楽郡,明和町,,139.534228,36.211283
10523,群馬県,邑楽郡,千代田町,,139.442437,36.217754
10524,群馬県,邑楽郡,大泉町,,139.404843,36.247862
10525,群馬県,邑楽郡,邑楽町,,139.4623,36.252392
11101,埼玉県,,さいたま市,西区,139.579633,35.925166
11102,埼玉県,,さいたま市,北区,139.620287,35.93139
11103,埼玉県,,さいたま市,大宮区,139.63055,35.901874
11104,埼玉県,,さいたま市,見沼区,139.654427,35.935216
11105,埼玉県,,さいたま市,中央区,139.626177,35.883965
11106,埼玉県,,さいたま市,桜区,139.609766,35.85587600000001
11107,埼玉県,,さいたま市,浦和区,139.645408,35.86197
11108,埼玉県,,さいたま市,南区,139.646521,35.84484133
11109,埼玉県,,さいたま市,緑区,139.684017,35.871095
11110,埼玉県,,さいたま市,岩槻区,139.694182,35.949882
11201,埼玉県,,川越市,,139.48584,35.925112
11202,埼玉県,,熊谷市,,139.388664,36.14736200000001
11203,埼玉県,,川口市,,139.724171,35.807741
11206,埼玉県,,行田市,,139.455646,36.138951
11207,埼玉県,,秩父市,,139.085475,35.991681
11208,埼玉県,,所沢市,,139.468613,35.799672
11209,埼玉県,,飯能市,,139.327791,35.85576
11210,埼玉県,,加須市,,139.601775,36.131438
11211,埼玉県,,本庄市,,139.190629,36.243329
11212,埼玉県,,東松山市,,139.39995,36.042162
11214,埼玉県,,春日部市,,139.752409,35.975305
11215,埼玉県,,狭山市,,139.412227,35.852907
11216,埼玉県,,羽生市,,139.548592,36.172667000000004
11217,埼玉県,,鴻巣市,,139.522172,36.065758
11218,埼玉県,,深谷市,,139.28147,36.197466
11219,埼玉県,,上尾市,,139.593203,35.977408
11221,埼玉県,,草加市,,139.805327,35.825371
11222,埼玉県,,越谷市,,139.790943,35.891087
11223,埼玉県,,蕨市,,139.679758,35.825576
11224,埼玉県,,戸田市,,139.677931,35.817635
11225,埼玉県,,入間市,,139.391058,35.835769
11227,埼玉県,,朝霞市,,139.593919,35.797255
11228,埼玉県,,志木市,,139.58023,35.836614
11229,埼玉県,,和光市,,139.605693,35.781104
11230,埼玉県,,新座市,,139.56533,35.793497
11231,埼玉県,,桶川市,,139.558177,36.002966
11232,埼玉県,,久喜市,,139.666838,36.062059000000005
11233,埼玉県,,北本市,,139.53024,36.027026
11234,埼玉県,,八潮市,,139.839175,35.822539
11235,埼玉県,,富士見市,,139.549074,35.856759
11237,埼玉県,,三郷市,,139.872247,35.830132
11238,埼玉県,,蓮田市,,139.6622,35.994504
11239,埼玉県,,坂戸市,,139.402983,35.957262
11240,埼玉県,,幸手市,,139.725805,36.078089000000006
11241,埼玉県,,鶴ヶ島市,,139.393126,35.934523
11242,埼玉県,,日高市,,139.33914,35.907748
11243,埼玉県,,吉川市,,139.855673,35.895921
11245,埼玉県,,ふじみ野市,,139.51982000000004,35.879396
11246,埼玉県,,白岡市,,139.676861,36.01907
11301,埼玉県,北足立郡,伊奈町,,139.623877,35.999865
11324,埼玉県,入間郡,三芳町,,139.526514,35.828347
11326,埼玉県,入間郡,毛呂山町,,139.315954,35.941596
11327,埼玉県,入間郡,越生町,,139.294202,35.964478
11341,埼玉県,比企郡,滑川町,,139.360919,36.06599
11342,埼玉県,比企郡,嵐山町,,139.320514,36.056568
11343,埼玉県,比企郡,小川町,,139.261789,36.056657
11346,埼玉県,比企郡,川島町,,139.484326,35.992474
11347,埼玉県,比企郡,吉見町,,139.45373,36.039853
11348,埼玉県,比企郡,鳩山町,,139.334106,35.981468
11349,埼玉県,比企郡,ときがわ町,,139.296763,36.00857
11361,埼玉県,秩父郡,横瀬町,,139.100049,35.987286
11362,埼玉県,秩父郡,皆野町,,139.098754,36.070845
11363,埼玉県,秩父郡,長瀞町,,139.10972,36.114787
11365,埼玉県,秩父郡,小鹿野町,,139.00860400000002,36.017138
11369,埼玉県,秩父郡,東秩父村,,139.194573,36.058148
11381,埼玉県,児玉郡,美里町,,139.18141,36.177104
11383,埼玉県,児玉郡,神川町,,139.10157800000002,36.213901
11385,埼玉県,児玉郡,上里町,,139.14487,36.251615
11408,埼玉県,大里郡,寄居町,,139.193014,36.118348
11442,埼玉県,南埼玉郡,宮代町,,139.723069,36.022593
11464,埼玉県,北葛飾郡,杉戸町,,139.736829,36.025618
11465,埼玉県,北葛飾郡,松伏町,,139.815139,35.925751
12101,千葉県,,千葉市,中央区,140.122853,35.60741300000001
12102,千葉県,,千葉市,花見川区,140.069061,35.662876
12103,千葉県,,千葉市,稲毛区,140.107106,35.636202
12104,千葉県,,千葉市,若葉区,140.155653,35.634016
12105,千葉県,,千葉市,緑区,140.176153,35.560501
12106,千葉県,,千葉市,美浜区,140.06304,35.640552
12202,千葉県,,銚子市,,140.826791,35.734667
12203,千葉県,,市川市,,139.931013,35.721914
12204,千葉県,,船橋市,,139.982621,35.694711
12205,千葉県,,館山市,,139.870085,34.996608
12206,千葉県,,木更津市,,139.924973,35.381168
12207,千葉県,,松戸市,,139.903226,35.787652
12208,千葉県,,野田市,,139.874828,35.955106
12210,千葉県,,茂原市,,140.28805,35.42854
12211,千葉県,,成田市,,140.318781,35.776605
12212,千葉県,,佐倉市,,140.223972,35.723441
12213,千葉県,,東金市,,140.366115,35.559932
12215,千葉県,,旭市,,140.648158,35.71602500000001
12216,千葉県,,習志野市,,140.027227,35.68161
12217,千葉県,,柏市,,139.976199,35.868295
12218,千葉県,,勝浦市,,140.320868,35.152211
12219,千葉県,,市原市,,140.115594,35.497897
12220,千葉県,,流山市,,139.902586,35.856287
12221,千葉県,,八千代市,,140.099915,35.722381
12222,千葉県,,我孫子市,,140.028225,35.864162
12223,千葉県,,鴨川市,,140.098805,35.114017
12224,千葉県,,鎌ケ谷市,,140.000736,35.776765
12225,千葉県,,君津市,,139.902561,35.330424
12226,千葉県,,富津市,,139.857113,35.30414
12227,千葉県,,浦安市,,139.902187,35.653988000000005
12228,千葉県,,四街道市,,140.167957,35.66971300000001
12229,千葉県,,袖ケ浦市,,139.954353,35.429945
12230,千葉県,,八街市,,140.317913,35.665859000000005
12231,千葉県,,印西市,,140.145765,35.832332
12232,千葉県,,白井市,,140.056372,35.791503
12233,千葉県,,富里市,,140.343071,35.72681
12234,千葉県,,南房総市,,139.839997,35.043147
12235,千葉県,,匝瑳市,,140.564356,35.707914
12236,千葉県,,香取市,,140.499248,35.89773
12237,千葉県,,山武市,,140.413531,35.602992
12238,千葉県,,いすみ市,,140.385117,35.253887
12239,千葉県,,大網白里市,,140.320963,35.521708
12322,千葉県,印旛郡,酒々井町,,140.269483,35.724751
12329,千葉県,印旛郡,栄町,,140.243945,35.840866
12342,千葉県,香取郡,神崎町,,140.405326,35.901611
12347,千葉県,香取郡,多古町,,140.467727,35.735592
12349,千葉県,香取郡,東庄町,,140.668786,35.83715
12403,千葉県,山武郡,九十九里町,,140.44025,35.535065
12409,千葉県,山武郡,芝山町,,140.414255,35.693064
12410,千葉県,山武郡,横芝光町,,140.504396,35.665609
12421,千葉県,長生郡,一宮町,,140.368734,35.372812
12422,千葉県,長生郡,睦沢町,,140.319275,35.361091
12423,千葉県,長生郡,長生村,,140.354058,35.412179
12424,千葉県,長生郡,白子町,,140.374253,35.45434
12426,千葉県,長生郡,長柄町,,140.227073,35.431152
12427,千葉県,長生郡,長南町,,140.237039,35.386423
12441,千葉県,夷隅郡,大多喜町,,140.245419,35.284822000000005
12443,千葉県,夷隅郡,御宿町,,140.348785,35.191484
12463,千葉県,安房郡,鋸南町,,139.835645,35.111131
13101,東京都,,千代田区,,139.753634,35.694003
13102,東京都,,中央区,,139.772003,35.670587
13103,東京都,,港区,,139.751599,35.658071
13104,東京都,,新宿区,,139.703463,35.69389
13105,東京都,,文京区,,139.752473,35.707976
13106,東京都,,台東区,,139.779984,35.712607
13107,東京都,,墨田区,,139.801497,35.710724
13108,東京都,,江東区,,139.817365,35.672859
13109,東京都,,品川区,,139.73025,35.609066
13110,東京都,,目黒区,,139.698118,35.64141
13111,東京都,,大田区,,139.715987,35.56126
13112,東京都,,世田谷区,,139.653208,35.646481
13113,東京都,,渋谷区,,139.697948,35.663982
13114,東京都,,中野区,,139.663738,35.707268
13115,東京都,,杉並区,,139.636414,35.699546
13116,東京都,,豊島区,,139.716702,35.726321
13117,東京都,,北区,,139.733657,35.752805
13118,東京都,,荒川区,,139.783372,35.736083
13119,東京都,,板橋区,,139.709246,35.751245
13120,東京都,,練馬区,,139.651725,35.7356
13121,東京都,,足立区,,139.804584,35.774945
13122,東京都,,葛飾区,,139.847213,35.74343
13123,東京都,,江戸川区,,139.868312,35.706648
13201,東京都,,八王子市,,139.316075,35.66657
13202,東京都,,立川市,,139.407846,35.713981
13203,東京都,,武蔵野市,,139.565938,35.717837
13204,東京都,,三鷹市,,139.559883,35.683308
13205,東京都,,青梅市,,139.274994,35.788171
13206,東京都,,府中市,,139.47766300000004,35.668921
13207,東京都,,昭島市,,139.353773,35.705705
13208,東京都,,調布市,,139.540683,35.650628
13209,東京都,,町田市,,139.438527,35.546559
13210,東京都,,小金井市,,139.502989,35.699479000000004
13211,東京都,,小平市,,139.477474,35.728496
13212,東京都,,日野市,,139.394981,35.671347
13213,東京都,,東村山市,,139.468484,35.754624
13214,東京都,,国分寺市,,139.462252,35.710943
13215,東京都,,国立市,,139.441366,35.683912
13218,東京都,,福生市,,139.326744,35.738601
13219,東京都,,狛江市,,139.578696,35.634814
13220,東京都,,東大和市,,139.426591,35.745328
13221,東京都,,清瀬市,,139.526422,35.785761
13222,東京都,,東久留米市,,139.529673,35.757992
13223,東京都,,武蔵村山市,,139.387421,35.754906
13224,東京都,,多摩市,,139.446366,35.636959
13225,東京都,,稲城市,,139.504603,35.637938
13227,東京都,,羽村市,,139.311042,35.767168
13228,東京都,,あきる野市,,139.294046,35.728959
13229,東京都,,西東京市,,139.538159,35.725499
13303,東京都,西多摩郡,瑞穂町,,139.354054,35.771989
13305,東京都,西多摩郡,日の出町,,139.257405,35.742115
13307,東京都,西多摩郡,檜原村,,139.148852,35.72684
13308,東京都,西多摩郡,奥多摩町,,139.096214,35.80952
13361,東京都,,大島町,,139.355619,34.750058
13362,東京都,,利島村,,139.282584,34.529354
13363,東京都,,新島村,,139.256556,34.377138
13364,東京都,,神津島村,,139.134426,34.205371
13381,東京都,,三宅村,,139.47974700000003,34.075779
13382,東京都,,御蔵島村,,139.596009,33.897156
13401,東京都,,八丈町,,139.789079,33.112797
13402,東京都,,青ヶ島村,,139.763337,32.466537
13421,東京都,,小笠原村,,142.191904,27.09438
14101,神奈川県,,横浜市,鶴見区,139.682384,35.508398
14102,神奈川県,,横浜市,神奈川区,139.629293,35.477051
14103,神奈川県,,横浜市,西区,139.616877,35.453609
14104,神奈川県,,横浜市,中区,139.642203,35.444688000000006
14105,神奈川県,,横浜市,南区,139.627342,35.434506
14106,神奈川県,,横浜市,保土ケ谷区,139.596029,35.459854
14107,神奈川県,,横浜市,磯子区,139.618458,35.402489
14108,神奈川県,,横浜市,金沢区,139.624497,35.337199
14109,神奈川県,,横浜市,港北区,139.633197,35.519016
14110,神奈川県,,横浜市,戸塚区,139.533467,35.400223
14111,神奈川県,,横浜市,港南区,139.592237,35.400765
14112,神奈川県,,横浜市,旭区,139.5448,35.474761
14113,神奈川県,,横浜市,緑区,139.538011,35.512407
14114,神奈川県,,横浜市,瀬谷区,139.499188,35.466397
14115,神奈川県,,横浜市,栄区,139.554106,35.36439
14116,神奈川県,,横浜市,泉区,139.488693,35.417899
14117,神奈川県,,横浜市,青葉区,139.537092,35.552831
14118,神奈川県,,横浜市,都筑区,139.57103000000004,35.544937
14131,神奈川県,,川崎市,川崎区,139.703707,35.529653
14132,神奈川県,,川崎市,幸区,139.687346,35.543882
14133,神奈川県,,川崎市,中原区,139.655756,35.576258
14134,神奈川県,,川崎市,高津区,139.608032,35.599443
14135,神奈川県,,川崎市,多摩区,139.562113,35.619609
14136,神奈川県,,川崎市,宮前区,139.57858000000002,35.58921600000001
14137,神奈川県,,川崎市,麻生区,139.505686,35.603769
14151,神奈川県,,相模原市,緑区,139.33759,35.595639
14152,神奈川県,,相模原市,中央区,139.373268,35.571376
14153,神奈川県,,相模原市,南区,139.430092,35.530342000000005
14201,神奈川県,,横須賀市,,139.672284,35.281276
14203,神奈川県,,平塚市,,139.349412,35.335502
14204,神奈川県,,鎌倉市,,139.54669,35.319228
14205,神奈川県,,藤沢市,,139.491116,35.33894
14206,神奈川県,,小田原市,,139.152355,35.264694
14207,神奈川県,,茅ヶ崎市,,139.404702,35.333879
14208,神奈川県,,逗子市,,139.580414,35.295592
14210,神奈川県,,三浦市,,139.620765,35.144176
14211,神奈川県,,秦野市,,139.219946,35.3748
14212,神奈川県,,厚木市,,139.362442,35.443049
14213,神奈川県,,大和市,,139.45795,35.487515
14214,神奈川県,,伊勢原市,,139.314906,35.402985
14215,神奈川県,,海老名市,,139.390803,35.446449
14216,神奈川県,,座間市,,139.407637,35.48864
14217,神奈川県,,南足柄市,,139.099729,35.320633
14218,神奈川県,,綾瀬市,,139.426348,35.437161
14301,神奈川県,三浦郡,葉山町,,139.586275,35.272025
14321,神奈川県,高座郡,寒川町,,139.384188,35.372963
14341,神奈川県,中郡,大磯町,,139.311348,35.30694
14342,神奈川県,中郡,二宮町,,139.255525,35.299494
14361,神奈川県,足柄上郡,中井町,,139.218766,35.330751
14362,神奈川県,足柄上郡,大井町,,139.15664900000002,35.326619
14363,神奈川県,足柄上郡,松田町,,139.139337,35.348199
14364,神奈川県,足柄上郡,山北町,,139.083806,35.360631
14366,神奈川県,足柄上郡,開成町,,139.123183,35.33643
14382,神奈川県,足柄下郡,箱根町,,139.106886,35.232301
14383,神奈川県,足柄下郡,真鶴町,,139.137233,35.15839900000001
14384,神奈川県,足柄下郡,湯河原町,,139.108336,35.147931
14401,神奈川県,愛甲郡,愛川町,,139.32172,35.528746
14402,神奈川県,愛甲郡,清川村,,139.276374,35.48233
15101,新潟県,,新潟市,北区,139.221631,37.913559
15102,新潟県,,新潟市,東区,139.092606,37.924894
15103,新潟県,,新潟市,中央区,139.043232,37.922488
15104,新潟県,,新潟市,江南区,139.094013,37.86766
15105,新潟県,,新潟市,秋葉区,139.114618,37.788362
15106,新潟県,,新潟市,南区,139.019184,37.765817
15107,新潟県,,新潟市,西区,138.971648,37.874081
15108,新潟県,,新潟市,西蒲区,138.889253,37.760333
15202,新潟県,,長岡市,,138.851224,37.446587
15204,新潟県,,三条市,,138.9617,37.636768
15205,新潟県,,柏崎市,,138.557988,37.364952
15206,新潟県,,新発田市,,139.327138,37.947958
15208,新潟県,,小千谷市,,138.795097,37.31435
15209,新潟県,,加茂市,,139.04022,37.666335
15210,新潟県,,十日町市,,138.75571,37.127588
15211,新潟県,,見附市,,138.912724,37.531496
15212,新潟県,,村上市,,139.48004,38.22399
15213,新潟県,,燕市,,138.882249,37.673149
15216,新潟県,,糸魚川市,,137.862658,37.039025
15217,新潟県,,妙高市,,138.253485,37.025265
15218,新潟県,,五泉市,,139.182568,37.744483
15222,新潟県,,上越市,,138.236039,37.147873
15223,新潟県,,阿賀野市,,139.22600200000002,37.834509
15224,新潟県,,佐渡市,,138.368138,38.018302
15225,新潟県,,魚沼市,,138.963763,37.236415
15226,新潟県,,南魚沼市,,138.876081,37.065522
15227,新潟県,,胎内市,,139.41035,38.059708
15307,新潟県,北蒲原郡,聖籠町,,139.274374,37.974526
15342,新潟県,西蒲原郡,弥彦村,,138.855252,37.691007
15361,新潟県,南蒲原郡,田上町,,139.057993,37.698857
15385,新潟県,東蒲原郡,阿賀町,,139.458781,37.675487
15405,新潟県,三島郡,出雲崎町,,138.70936100000003,37.530715
15461,新潟県,南魚沼郡,湯沢町,,138.817424,36.934007
15482,新潟県,中魚沼郡,津南町,,138.652547,37.014313
15504,新潟県,刈羽郡,刈羽村,,138.622442,37.422361
15581,新潟県,岩船郡,関川村,,139.564957,38.08941200000001
15586,新潟県,岩船郡,粟島浦村,,139.25436,38.468213
16201,富山県,,富山市,,137.213449,36.695982
16202,富山県,,高岡市,,137.025717,36.754099
16204,富山県,,魚津市,,137.40919,36.827367
16205,富山県,,氷見市,,136.972868,36.855978
16206,富山県,,滑川市,,137.34118,36.764394
16207,富山県,,黒部市,,137.447897,36.871437
16208,富山県,,砺波市,,136.962167,36.647467
16209,富山県,,小矢部市,,136.868653,36.675531
16210,富山県,,南砺市,,136.875395,36.557451
16211,富山県,,射水市,,137.075391,36.73046200000001
16321,富山県,中新川郡,舟橋村,,137.307372,36.703525
16322,富山県,中新川郡,上市町,,137.362586,36.698429
16323,富山県,中新川郡,立山町,,137.313658,36.663346
16342,富山県,下新川郡,入善町,,137.50212800000003,36.933578
16343,富山県,下新川郡,朝日町,,137.559868,36.946179
17201,石川県,,金沢市,,136.656633,36.561051
17202,石川県,,七尾市,,136.967296,37.043108
17203,石川県,,小松市,,136.445588,36.408357
17204,石川県,,輪島市,,136.899185,37.390557
17205,石川県,,珠洲市,,137.260406,37.436369
17206,石川県,,加賀市,,136.314685,36.302669
17207,石川県,,羽咋市,,136.778999,36.893599
17209,石川県,,かほく市,,136.706668,36.719973
17210,石川県,,白山市,,136.565833,36.514427
17211,石川県,,能美市,,136.55402800000002,36.446888
17212,石川県,,野々市市,,136.60968500000004,36.519466
17324,石川県,能美郡,川北町,,136.542276,36.468632
17361,石川県,河北郡,津幡町,,136.728683,36.669093
17365,石川県,河北郡,内灘町,,136.645125,36.65353
17384,石川県,羽咋郡,志賀町,,136.77801000000002,37.006187
17386,石川県,羽咋郡,宝達志水町,,136.797557,36.862759
17407,石川県,鹿島郡,中能登町,,136.901476,36.98889
17461,石川県,鳳珠郡,穴水町,,136.912479,37.230874
17463,石川県,鳳珠郡,能登町,,137.14779,37.310401
18201,福井県,,福井市,,136.219452,36.06412
18202,福井県,,敦賀市,,136.055544,35.645222
18204,福井県,,小浜市,,135.746647,35.49559300000001
18205,福井県,,大野市,,136.487692,35.98056400000001
18206,福井県,,勝山市,,136.500542,36.060917
18207,福井県,,鯖江市,,136.184238,35.956565000000005
18208,福井県,,あわら市,,136.229012,36.211361
18209,福井県,,越前市,,136.168672,35.903471
18210,福井県,,坂井市,,136.231287,36.16690200000001
18322,福井県,吉田郡,永平寺町,,136.298724,36.092248
18382,福井県,今立郡,池田町,,136.344079,35.890383
18404,福井県,南条郡,南越前町,,136.194435,35.83515
18423,福井県,丹生郡,越前町,,136.129765,35.974264
18442,福井県,三方郡,美浜町,,135.940619,35.6006
18481,福井県,大飯郡,高浜町,,135.546157,35.487821
18483,福井県,大飯郡,おおい町,,135.617885,35.481128
18501,福井県,三方上中郡,若狭町,,135.908384,35.548882000000006
19201,山梨県,,甲府市,,138.5683386,35.66203333
19202,山梨県,,富士吉田市,,138.807857,35.487499
19204,山梨県,,都留市,,138.90547,35.551565
19205,山梨県,,山梨市,,138.686955,35.69342902
19206,山梨県,,大月市,,138.940041,35.610474
19207,山梨県,,韮崎市,,138.446192,35.708804
19208,山梨県,,南アルプス市,,138.465005,35.608361
19209,山梨県,,北杜市,,138.423537,35.776501
19210,山梨県,,甲斐市,,138.515796,35.660829
19211,山梨県,,笛吹市,,138.63973,35.647296
19212,山梨県,,上野原市,,139.108751,35.630301
19213,山梨県,,甲州市,,138.729456,35.704308
19214,山梨県,,中央市,,138.517269,35.599643
19346,山梨県,西八代郡,市川三郷町,,138.502406,35.56512
19364,山梨県,南巨摩郡,早川町,,138.363192,35.412658
19365,山梨県,南巨摩郡,身延町,,138.442488,35.467569
19366,山梨県,南巨摩郡,南部町,,138.486054,35.2423
19368,山梨県,南巨摩郡,富士川町,,138.461305,35.561163
19384,山梨県,中巨摩郡,昭和町,,138.535148,35.627928
19422,山梨県,南都留郡,道志村,,139.033429,35.528025
19423,山梨県,南都留郡,西桂町,,138.84688,35.524082
19424,山梨県,南都留郡,忍野村,,138.847853,35.460062
19425,山梨県,南都留郡,山中湖村,,138.861078,35.410644
19429,山梨県,南都留郡,鳴沢村,,138.706609,35.481318
19430,山梨県,南都留郡,富士河口湖町,,138.754926,35.497297
19442,山梨県,北都留郡,小菅村,,138.94028300000002,35.760274
19443,山梨県,北都留郡,丹波山村,,138.917769,35.79174
20201,長野県,,長野市,,138.1942866,36.648631
20202,長野県,,松本市,,137.971992,36.238096
20203,長野県,,上田市,,138.249069,36.401942
20204,長野県,,岡谷市,,138.049557,36.067003
20205,長野県,,飯田市,,137.821824,35.514703
20206,長野県,,諏訪市,,138.113984,36.039175
20207,長野県,,須坂市,,138.307275,36.651117
20208,長野県,,小諸市,,138.426021,36.326874
20209,長野県,,伊那市,,137.954083,35.827478
20210,長野県,,駒ヶ根市,,137.933993,35.728861
20211,長野県,,中野市,,138.36947,36.742027
20212,長野県,,大町市,,137.851169,36.502976
20213,長野県,,飯山市,,138.365498,36.851745
20214,長野県,,茅野市,,138.158896,35.995571
20215,長野県,,塩尻市,,137.95338,36.11502
20217,長野県,,佐久市,,138.476831,36.248788
20218,長野県,,千曲市,,138.11468300000004,36.530877
20219,長野県,,東御市,,138.330295,36.35955
20220,長野県,,安曇野市,,137.90576,36.303942
20303,長野県,南佐久郡,小海町,,138.483515,36.095241
20304,長野県,南佐久郡,川上村,,138.578605,35.975487
20305,長野県,南佐久郡,南牧村,,138.492185,36.020907
20306,長野県,南佐久郡,南相木村,,138.54689,36.036072
20307,長野県,南佐久郡,北相木村,,138.551203,36.059195
20309,長野県,南佐久郡,佐久穂町,,138.483425,36.16098
20321,長野県,北佐久郡,軽井沢町,,138.596966,36.34831
20323,長野県,北佐久郡,御代田町,,138.506479,36.322754
20324,長野県,北佐久郡,立科町,,138.315991,36.272089
20349,長野県,小県郡,青木村,,138.128698,36.369998
20350,長野県,小県郡,長和町,,138.257967,36.26992
20361,長野県,諏訪郡,下諏訪町,,138.08006800000004,36.069577
20362,長野県,諏訪郡,富士見町,,138.24074,35.914652
20363,長野県,諏訪郡,原村,,138.217471,35.964354
20382,長野県,上伊那郡,辰野町,,137.987428,35.982413
20383,長野県,上伊那郡,箕輪町,,137.98199200000002,35.91502
20384,長野県,上伊那郡,飯島町,,137.919523,35.676622
20385,長野県,上伊那郡,南箕輪村,,137.975084,35.872853
20386,長野県,上伊那郡,中川村,,137.945961,35.634617
20388,長野県,上伊那郡,宮田村,,137.944209,35.768882
20402,長野県,下伊那郡,松川町,,137.909667,35.59723100000001
20403,長野県,下伊那郡,高森町,,137.878519,35.551542
20404,長野県,下伊那郡,阿南町,,137.81609,35.32362
20407,長野県,下伊那郡,阿智村,,137.747444,35.443791
20409,長野県,下伊那郡,平谷村,,137.630083,35.323279
20410,長野県,下伊那郡,根羽村,,137.58176,35.255419
20411,長野県,下伊那郡,下條村,,137.785926,35.39733
20412,長野県,下伊那郡,売木村,,137.711191,35.271068
20413,長野県,下伊那郡,天龍村,,137.854244,35.276307
20414,長野県,下伊那郡,泰阜村,,137.846157,35.377434
20415,長野県,下伊那郡,喬木村,,137.873751,35.513823
20416,長野県,下伊那郡,豊丘村,,137.895791,35.551497
20417,長野県,下伊那郡,大鹿村,,138.034044,35.578234
20422,長野県,木曽郡,上松町,,137.693244,35.782192
20423,長野県,木曽郡,南木曽町,,137.608936,35.603787
20425,長野県,木曽郡,木祖村,,137.783163,35.936307
20429,長野県,木曽郡,王滝村,,137.551076,35.809343
20430,長野県,木曽郡,大桑村,,137.6714,35.6892
20432,長野県,木曽郡,木曽町,,137.691534,35.842455
20446,長野県,東筑摩郡,麻績村,,138.045267,36.456086
20448,長野県,東筑摩郡,生坂村,,137.927484,36.425234
20450,長野県,東筑摩郡,山形村,,137.87897,36.168104
20451,長野県,東筑摩郡,朝日村,,137.867147,36.129275
20452,長野県,東筑摩郡,筑北村,,138.011643,36.402706
20481,長野県,北安曇郡,池田町,,137.874499,36.421368
20482,長野県,北安曇郡,松川村,,137.854556,36.424045
20485,長野県,北安曇郡,白馬村,,137.861969,36.69807
20486,長野県,北安曇郡,小谷村,,137.908305,36.779206
20521,長野県,埴科郡,坂城町,,138.180106,36.461839
20541,長野県,上高井郡,小布施町,,138.312146,36.697478
20543,長野県,上高井郡,高山村,,138.363261,36.67977
20561,長野県,下高井郡,山ノ内町,,138.412621,36.744606
20562,長野県,下高井郡,木島平村,,138.407012,36.857841
20563,長野県,下高井郡,野沢温泉村,,138.440456,36.922728
20583,長野県,上水内郡,信濃町,,138.206991,36.806379
20588,長野県,上水内郡,小川村,,137.974801,36.617135
20590,長野県,上水内郡,飯綱町,,138.23553,36.754661
20602,長野県,下水内郡,栄村,,138.577359,36.987481
21201,岐阜県,,岐阜市,,136.759974,35.426201
21202,岐阜県,,大垣市,,136.612753,35.359365
21203,岐阜県,,高山市,,137.252206,36.146093
21204,岐阜県,,多治見市,,137.132078,35.332773
21205,岐阜県,,関市,,136.917895,35.495777
21206,岐阜県,,中津川市,,137.500616,35.487493
21207,岐阜県,,美濃市,,136.90757,35.544713
21208,岐阜県,,瑞浪市,,137.254639,35.36174
21209,岐阜県,,羽島市,,136.703349,35.31991
21210,岐阜県,,恵那市,,137.412817,35.44932
21211,岐阜県,,美濃加茂市,,137.015664,35.440242
21212,岐阜県,,土岐市,,137.183205,35.352497
21213,岐阜県,,各務原市,,136.848393,35.398912
21214,岐阜県,,可児市,,137.061075,35.426132
21215,岐阜県,,山県市,,136.781401,35.506111
21216,岐阜県,,瑞穂市,,136.690784,35.391826
21217,岐阜県,,飛騨市,,137.186246,36.238144
21218,岐阜県,,本巣市,,136.678771,35.483052
21219,岐阜県,,郡上市,,136.964368,35.748569
21220,岐阜県,,下呂市,,137.244061,35.805879
21221,岐阜県,,海津市,,136.636612,35.22047
21302,岐阜県,羽島郡,岐南町,,136.78262,35.389594
21303,岐阜県,羽島郡,笠松町,,136.76319200000003,35.367222
21341,岐阜県,養老郡,養老町,,136.561359,35.308411
21361,岐阜県,不破郡,垂井町,,136.537963,35.366223
21362,岐阜県,不破郡,関ケ原町,,136.466976,35.365523
21381,岐阜県,安八郡,神戸町,,136.608517,35.41734900000001
21382,岐阜県,安八郡,輪之内町,,136.637444,35.285113
21383,岐阜県,安八郡,安八町,,136.66541500000002,35.335418
21401,岐阜県,揖斐郡,揖斐川町,,136.5682,35.486948
21403,岐阜県,揖斐郡,大野町,,136.627636,35.470675
21404,岐阜県,揖斐郡,池田町,,136.572851,35.4423
21421,岐阜県,本巣郡,北方町,,136.684315,35.435686
21501,岐阜県,加茂郡,坂祝町,,136.98537,35.426734
21502,岐阜県,加茂郡,富加町,,136.979707,35.484761
21503,岐阜県,加茂郡,川辺町,,137.070605,35.486548
21504,岐阜県,加茂郡,七宗町,,137.119946,35.54384
21505,岐阜県,加茂郡,八百津町,,137.141499,35.475988
21506,岐阜県,加茂郡,白川町,,137.187821,35.581862
21507,岐阜県,加茂郡,東白川村,,137.323745,35.64256
21521,岐阜県,可児郡,御嵩町,,137.130885,35.434493
21604,岐阜県,大野郡,白川村,,136.898542,36.270904
22101,静岡県,,静岡市,葵区,138.383259,34.975135
22102,静岡県,,静岡市,駿河区,138.404047,34.960745
22103,静岡県,,静岡市,清水区,138.489603,35.01573
22138,静岡県,,浜松市,中央区,137.726117,34.710865
22139,静岡県,,浜松市,浜名区,137.783447,34.791607
22140,静岡県,,浜松市,天竜区,137.815924,34.872686
22203,静岡県,,沼津市,,138.863337,35.095723
22205,静岡県,,熱海市,,139.071546,35.095987
22206,静岡県,,三島市,,138.918501,35.118483
22207,静岡県,,富士宮市,,138.621656,35.221983
22208,静岡県,,伊東市,,139.102048,34.96568
22209,静岡県,,島田市,,138.176055,34.836417000000004
22210,静岡県,,富士市,,138.676311,35.161386
22211,静岡県,,磐田市,,137.851511,34.717881000000006
22212,静岡県,,焼津市,,138.32326,34.866906
22213,静岡県,,掛川市,,137.998403,34.768717
22214,静岡県,,藤枝市,,138.257548,34.867349
22215,静岡県,,御殿場市,,138.934506,35.308615
22216,静岡県,,袋井市,,137.924624,34.75016
22219,静岡県,,下田市,,138.945316,34.679536
22220,静岡県,,裾野市,,138.906724,35.173891
22221,静岡県,,湖西市,,137.531617,34.718474
22222,静岡県,,伊豆市,,138.946715,34.976591
22223,静岡県,,御前崎市,,138.12811700000003,34.637977
22224,静岡県,,菊川市,,138.084539,34.757721
22225,静岡県,,伊豆の国市,,138.928885,35.027713
22226,静岡県,,牧之原市,,138.224641,34.740059
22301,静岡県,賀茂郡,東伊豆町,,139.041265,34.772816000000006
22302,静岡県,賀茂郡,河津町,,138.987622,34.757018
22304,静岡県,賀茂郡,南伊豆町,,138.858533,34.651089
22305,静岡県,賀茂郡,松崎町,,138.778757,34.752763
22306,静岡県,賀茂郡,西伊豆町,,138.775334,34.771693
22325,静岡県,田方郡,函南町,,138.953348,35.088937
22341,静岡県,駿東郡,清水町,,138.90272000000002,35.099015
22342,静岡県,駿東郡,長泉町,,138.89725800000002,35.137712
22344,静岡県,駿東郡,小山町,,138.98729600000001,35.36011
22424,静岡県,榛原郡,吉田町,,138.251943,34.77087
22429,静岡県,榛原郡,川根本町,,138.081695,35.046822
22461,静岡県,周智郡,森町,,137.927088,34.835601
23101,愛知県,,名古屋市,千種区,136.97762,35.162635
23102,愛知県,,名古屋市,東区,136.926043,35.179314
23103,愛知県,,名古屋市,北区,136.911558,35.194169
23104,愛知県,,名古屋市,西区,136.890058,35.189109
23105,愛知県,,名古屋市,中村区,136.868423,35.17683
23106,愛知県,,名古屋市,中区,136.910156,35.168607
23107,愛知県,,名古屋市,昭和区,136.934166,35.150216
23108,愛知県,,名古屋市,瑞穂区,136.934953,35.131439
23109,愛知県,,名古屋市,熱田区,136.910317,35.128372
23110,愛知県,,名古屋市,中川区,136.854816,35.141539
23111,愛知県,,名古屋市,港区,136.885553,35.107792
23112,愛知県,,名古屋市,南区,136.931212,35.095127
23113,愛知県,,名古屋市,守山区,136.97633,35.203343
23114,愛知県,,名古屋市,緑区,136.952602,35.070721
23115,愛知県,,名古屋市,名東区,137.010239,35.175862
23116,愛知県,,名古屋市,天白区,136.975049,35.12274
23201,愛知県,,豊橋市,,137.391469,34.769199
23202,愛知県,,岡崎市,,137.172999,34.954809
23203,愛知県,,一宮市,,136.802344,35.304013
23204,愛知県,,瀬戸市,,137.084117,35.22362
23205,愛知県,,半田市,,136.93785,34.892626
23206,愛知県,,春日井市,,136.972232,35.247664
23207,愛知県,,豊川市,,137.375578,34.826784
23208,愛知県,,津島市,,136.741236,35.17704
23209,愛知県,,碧南市,,136.993362,34.884782
23210,愛知県,,刈谷市,,137.00206,34.988864
23211,愛知県,,豊田市,,137.15622400000004,35.082345
23212,愛知県,,安城市,,137.080297,34.958644
23213,愛知県,,西尾市,,137.061741,34.862009
23214,愛知県,,蒲郡市,,137.219653,34.826439
23215,愛知県,,犬山市,,136.944625,35.378641
23216,愛知県,,常滑市,,136.854495,34.896051
23217,愛知県,,江南市,,136.870453,35.331953
23219,愛知県,,小牧市,,136.911971,35.291141
23220,愛知県,,稲沢市,,136.780216,35.248135
23221,愛知県,,新城市,,137.49785,34.899025
23222,愛知県,,東海市,,136.902229,35.022976
23223,愛知県,,大府市,,136.963868,35.011611
23224,愛知県,,知多市,,136.864755,34.996533
23225,愛知県,,知立市,,137.050843,35.001285
23226,愛知県,,尾張旭市,,137.035412,35.216568
23227,愛知県,,高浜市,,136.98766,34.92763
23228,愛知県,,岩倉市,,136.871428,35.279433
23229,愛知県,,豊明市,,137.013124,35.053756
23230,愛知県,,日進市,,137.039414,35.132018
23231,愛知県,,田原市,,137.26383,34.668972
23232,愛知県,,愛西市,,136.728217,35.152802
23233,愛知県,,清須市,,136.852934,35.199848
23234,愛知県,,北名古屋市,,136.865961,35.245657
23235,愛知県,,弥富市,,136.72472,35.110118
23236,愛知県,,みよし市,,137.074728,35.089699
23237,愛知県,,あま市,,136.803703,35.188266
23238,愛知県,,長久手市,,137.048631,35.18412
23302,愛知県,愛知郡,東郷町,,137.052623,35.09679
23342,愛知県,西春日井郡,豊山町,,136.911977,35.250462
23361,愛知県,丹羽郡,大口町,,136.907694,35.332444
23362,愛知県,丹羽郡,扶桑町,,136.913079,35.35914
23424,愛知県,海部郡,大治町,,136.8201,35.175089
23425,愛知県,海部郡,蟹江町,,136.786679,35.132339
23427,愛知県,海部郡,飛島村,,136.791157,35.078804
23441,愛知県,知多郡,阿久比町,,136.91551200000004,34.932569
23442,愛知県,知多郡,東浦町,,136.965569,34.977139
23445,愛知県,知多郡,南知多町,,136.929934,34.715169
23446,愛知県,知多郡,美浜町,,136.908251,34.778843
23447,愛知県,知多郡,武豊町,,136.914937,34.85097
23501,愛知県,額田郡,幸田町,,137.165667,34.864425
23561,愛知県,北設楽郡,設楽町,,137.571225,35.097298
23562,愛知県,北設楽郡,東栄町,,137.697833,35.07693
23563,愛知県,北設楽郡,豊根村,,137.719871,35.146394
24201,三重県,,津市,,136.50544300000004,34.718563
24202,三重県,,四日市市,,136.624427,34.965092
24203,三重県,,伊勢市,,136.709286,34.487506
24204,三重県,,松阪市,,136.527595,34.577974
24205,三重県,,桑名市,,136.683539,35.062288
24207,三重県,,鈴鹿市,,136.584185,34.881866
24208,三重県,,名張市,,136.108299,34.627662
24209,三重県,,尾鷲市,,136.190998,34.070799
24210,三重県,,亀山市,,136.451645,34.855755
24211,三重県,,鳥羽市,,136.843378,34.481432
24212,三重県,,熊野市,,136.100288,33.88862
24214,三重県,,いなべ市,,136.516784,35.158372
24215,三重県,,志摩市,,136.829655,34.328218
24216,三重県,,伊賀市,,136.142305,34.749838
24303,三重県,桑名郡,木曽岬町,,136.731353,35.075958
24324,三重県,員弁郡,東員町,,136.583756,35.074125
24341,三重県,三重郡,菰野町,,136.507346,35.020001
24343,三重県,三重郡,朝日町,,136.664366,35.034221
24344,三重県,三重郡,川越町,,136.673971,35.02295
24441,三重県,多気郡,多気町,,136.546149,34.496156
24442,三重県,多気郡,明和町,,136.623251,34.547528
24443,三重県,多気郡,大台町,,136.407876,34.39337
24461,三重県,度会郡,玉城町,,136.630932,34.490276
24470,三重県,度会郡,度会町,,136.62251,34.4389
24471,三重県,度会郡,大紀町,,136.415798,34.358023
24472,三重県,度会郡,南伊勢町,,136.70365,34.352059
24543,三重県,北牟婁郡,紀北町,,136.336852,34.211199
24561,三重県,南牟婁郡,御浜町,,136.048677,33.814505
24562,三重県,南牟婁郡,紀宝町,,136.009715,33.73387
25201,滋賀県,,大津市,,135.854666,35.018357
25202,滋賀県,,彦根市,,136.259623,35.274464
25203,滋賀県,,長浜市,,136.278588,35.380758
25204,滋賀県,,近江八幡市,,136.097846,35.128214
25206,滋賀県,,草津市,,135.959994,35.013123
25207,滋賀県,,守山市,,135.99402,35.058663
25208,滋賀県,,栗東市,,135.997993,35.021614
25209,滋賀県,,甲賀市,,136.167084,34.96612
25210,滋賀県,,野洲市,,136.025873,35.06747
25211,滋賀県,,湖南市,,136.084693,35.004106
25212,滋賀県,,高島市,,136.035785,35.353052
25213,滋賀県,,東近江市,,136.20762,35.112603
25214,滋賀県,,米原市,,136.291414,35.315073
25383,滋賀県,蒲生郡,日野町,,136.24602300000004,35.018018
25384,滋賀県,蒲生郡,竜王町,,136.124438,35.06075
25425,滋賀県,愛知郡,愛荘町,,136.212306,35.168834
25441,滋賀県,犬上郡,豊郷町,,136.229974,35.200382
25442,滋賀県,犬上郡,甲良町,,136.26135,35.204224
25443,滋賀県,犬上郡,多賀町,,136.292199,35.222035
26101,京都府,,京都市,北区,135.753991,35.04097
26102,京都府,,京都市,上京区,135.756697,35.02953
26103,京都府,,京都市,左京区,135.778575,35.04858
26104,京都府,,京都市,中京区,135.751433,35.01040400000001
26105,京都府,,京都市,東山区,135.776282,34.997082
26106,京都府,,京都市,下京区,135.755469,34.98756
26107,京都府,,京都市,南区,135.746418,34.976756
26108,京都府,,京都市,右京区,135.715996,35.010116
26109,京都府,,京都市,伏見区,135.761321,34.935546
26110,京都府,,京都市,山科区,135.813625,34.972297
26111,京都府,,京都市,西京区,135.693108,34.985027
26201,京都府,,福知山市,,135.126532,35.296725
26202,京都府,,舞鶴市,,135.385992,35.474797
26203,京都府,,綾部市,,135.258812,35.298916
26204,京都府,,宇治市,,135.79978,34.8844
26205,京都府,,宮津市,,135.195567,35.535577
26206,京都府,,亀岡市,,135.57351200000002,35.013475
26207,京都府,,城陽市,,135.780074,34.852958
26208,京都府,,向日市,,135.698319,34.948699
26209,京都府,,長岡京市,,135.695685,34.926782
26210,京都府,,八幡市,,135.707571,34.875533
26211,京都府,,京田辺市,,135.767842,34.814442
26212,京都府,,京丹後市,,135.060997,35.624169
26213,京都府,,南丹市,,135.470239,35.10739
26214,京都府,,木津川市,,135.820058,34.737179
26303,京都府,乙訓郡,大山崎町,,135.688476,34.902795
26322,京都府,久世郡,久御山町,,135.732564,34.881502
26343,京都府,綴喜郡,井手町,,135.814571,34.800695
26344,京都府,綴喜郡,宇治田原町,,135.868,34.844856
26364,京都府,相楽郡,笠置町,,135.93938,34.760497
26365,京都府,相楽郡,和束町,,135.904866,34.795726
26366,京都府,相楽郡,精華町,,135.785686,34.760819
26367,京都府,相楽郡,南山城村,,135.993665,34.772787
26407,京都府,船井郡,京丹波町,,135.419288,35.170002
26463,京都府,与謝郡,伊根町,,135.272853,35.675172
26465,京都府,与謝郡,与謝野町,,135.15291600000003,35.565375
27102,大阪府,,大阪市,都島区,135.52809,34.701279
27103,大阪府,,大阪市,福島区,135.472232,34.692357
27104,大阪府,,大阪市,此花区,135.452225,34.683038
27106,大阪府,,大阪市,西区,135.486111,34.676384
27107,大阪府,,大阪市,港区,135.460611,34.663918
27108,大阪府,,大阪市,大正区,135.472694,34.650417
27109,大阪府,,大阪市,天王寺区,135.51937,34.657869
27111,大阪府,,大阪市,浪速区,135.49955,34.659419
27113,大阪府,,大阪市,西淀川区,135.456202,34.711409
27114,大阪府,,大阪市,東淀川区,135.52934,34.741313
27115,大阪府,,大阪市,東成区,135.541223,34.669996
27116,大阪府,,大阪市,生野区,135.534447,34.653745
27117,大阪府,,大阪市,旭区,135.54414200000002,34.721266
27118,大阪府,,大阪市,城東区,135.544472,34.703253
27119,大阪府,,大阪市,阿倍野区,135.518499,34.638969
27120,大阪府,,大阪市,住吉区,135.500498,34.603718
27121,大阪府,,大阪市,東住吉区,135.526612,34.622118
27122,大阪府,,大阪市,西成区,135.494587,34.635058
27123,大阪府,,大阪市,淀川区,135.486746,34.721006
27124,大阪府,,大阪市,鶴見区,135.57419,34.704566
27125,大阪府,,大阪市,住之江区,135.482717,34.60967
27126,大阪府,,大阪市,平野区,135.545999,34.62116
27127,大阪府,,大阪市,北区,135.510095,34.705581
27128,大阪府,,大阪市,中央区,135.509687,34.681225
27141,大阪府,,堺市,堺区,135.48302,34.573354
27142,大阪府,,堺市,中区,135.498724,34.528312
27143,大阪府,,堺市,東区,135.536474,34.538228
27144,大阪府,,堺市,西区,135.464014,34.535063
27145,大阪府,,堺市,南区,135.49054,34.486444000000006
27146,大阪府,,堺市,北区,135.51719200000002,34.565478
27147,大阪府,,堺市,美原区,135.559827,34.538483
27202,大阪府,,岸和田市,,135.370871,34.460597
27203,大阪府,,豊中市,,135.469889,34.781239
27204,大阪府,,池田市,,135.428555,34.82168600000001
27205,大阪府,,吹田市,,135.516799,34.759405
27206,大阪府,,泉大津市,,135.410472,34.504268
27207,大阪府,,高槻市,,135.617216,34.8461
27208,大阪府,,貝塚市,,135.358431,34.437686
27209,大阪府,,守口市,,135.561714,34.735935
27210,大阪府,,枚方市,,135.650642,34.814465
27211,大阪府,,茨木市,,135.568503,34.816153
27212,大阪府,,八尾市,,135.600948,34.626884
27213,大阪府,,泉佐野市,,135.327337,34.406839
27214,大阪府,,富田林市,,135.59728,34.499675
27215,大阪府,,寝屋川市,,135.628008,34.766079
27216,大阪府,,河内長野市,,135.564119,34.458107
27217,大阪府,,松原市,,135.551786,34.577901
27218,大阪府,,大東市,,135.623471,34.712013
27219,大阪府,,和泉市,,135.423624,34.483635
27220,大阪府,,箕面市,,135.470379,34.826929
27221,大阪府,,柏原市,,135.628642,34.579305
27222,大阪府,,羽曳野市,,135.606226,34.558002
27223,大阪府,,門真市,,135.586899,34.739145
27224,大阪府,,摂津市,,135.561886,34.777387
27225,大阪府,,高石市,,135.442395,34.520673
27226,大阪府,,藤井寺市,,135.597476,34.574283
27227,大阪府,,東大阪市,,135.600898,34.679324
27228,大阪府,,泉南市,,135.2733,34.366007
27229,大阪府,,四條畷市,,135.639727,34.740064000000004
27230,大阪府,,交野市,,135.679978,34.787958
27231,大阪府,,大阪狭山市,,135.555748,34.503718
27232,大阪府,,阪南市,,135.239656,34.359594
27301,大阪府,三島郡,島本町,,135.663009,34.883819
27321,大阪府,豊能郡,豊能町,,135.494096,34.91885
27322,大阪府,豊能郡,能勢町,,135.414189,34.972445
27341,大阪府,泉北郡,忠岡町,,135.401497,34.487125
27361,大阪府,泉南郡,熊取町,,135.355863,34.401308
27362,大阪府,泉南郡,田尻町,,135.291176,34.393782
27366,大阪府,泉南郡,岬町,,135.142085,34.3169
27381,大阪府,南河内郡,太子町,,135.647734,34.518656
27382,大阪府,南河内郡,河南町,,135.62988,34.491637
27383,大阪府,南河内郡,千早赤阪村,,135.622531,34.464601
28101,兵庫県,,神戸市,東灘区,135.265429,34.720159
28102,兵庫県,,神戸市,灘区,135.239571,34.712356
28105,兵庫県,,神戸市,兵庫区,135.165383,34.680584
28106,兵庫県,,神戸市,長田区,135.150854,34.665686
28107,兵庫県,,神戸市,須磨区,135.133702,34.658634
28108,兵庫県,,神戸市,垂水区,135.056919,34.63061
28109,兵庫県,,神戸市,北区,135.146196,34.724128
28110,兵庫県,,神戸市,中央区,135.194948,34.689678
28111,兵庫県,,神戸市,西区,135.019349,34.720883
28201,兵庫県,,姫路市,,134.685458,34.815496
28202,兵庫県,,尼崎市,,135.406394,34.733554
28203,兵庫県,,明石市,,134.997182,34.643109
28204,兵庫県,,西宮市,,135.34183,34.737691
28205,兵庫県,,洲本市,,134.895653,34.342522
28206,兵庫県,,芦屋市,,135.304179,34.726522
28207,兵庫県,,伊丹市,,135.400933,34.784295
28208,兵庫県,,相生市,,134.468193,34.803662
28209,兵庫県,,豊岡市,,134.820187,35.544475
28210,兵庫県,,加古川市,,134.8409,34.75662
28212,兵庫県,,赤穂市,,134.390354,34.754974
28213,兵庫県,,西脇市,,134.979696,34.983421
28214,兵庫県,,宝塚市,,135.36009800000002,34.799817
28215,兵庫県,,三木市,,134.990188,34.796922
28216,兵庫県,,高砂市,,134.790478,34.766248
28217,兵庫県,,川西市,,135.417222,34.830132
28218,兵庫県,,小野市,,134.940106,34.857922
28219,兵庫県,,三田市,,135.22529,34.889672
28220,兵庫県,,加西市,,134.841819,34.927811
28221,兵庫県,,丹波篠山市,,135.219002,35.075673
28222,兵庫県,,養父市,,134.767668,35.40464
28223,兵庫県,,丹波市,,135.035816,35.177259
28224,兵庫県,,南あわじ市,,134.779839,34.294479
28225,兵庫県,,朝来市,,134.853117,35.339835
28226,兵庫県,,淡路市,,134.914633,34.439847
28227,兵庫県,,宍粟市,,134.549377,35.004435
28228,兵庫県,,加東市,,134.973345,34.91737
28229,兵庫県,,たつの市,,134.545397,34.857847
28301,兵庫県,川辺郡,猪名川町,,135.376164,34.894966
28365,兵庫県,多可郡,多可町,,134.923359,35.050315
28381,兵庫県,加古郡,稲美町,,134.913384,34.748627
28382,兵庫県,加古郡,播磨町,,134.867911,34.715302
28442,兵庫県,神崎郡,市川町,,134.763289,34.989365
28443,兵庫県,神崎郡,福崎町,,134.760245,34.950319
28446,兵庫県,神崎郡,神河町,,134.739856,35.064235
28464,兵庫県,揖保郡,太子町,,134.572343,34.83325
28481,兵庫県,赤穂郡,上郡町,,134.356098,34.873583
28501,兵庫県,佐用郡,佐用町,,134.355771,35.004296
28585,兵庫県,美方郡,香美町,,134.629175,35.632169
28586,兵庫県,美方郡,新温泉町,,134.448942,35.623509
29201,奈良県,,奈良市,,135.80499500000002,34.685117
29202,奈良県,,大和高田市,,135.737388,34.515724
29203,奈良県,,大和郡山市,,135.782747,34.649368
29204,奈良県,,天理市,,135.837367,34.596617
29205,奈良県,,橿原市,,135.792756,34.509453
29206,奈良県,,桜井市,,135.843232,34.5187
29207,奈良県,,五條市,,135.695588,34.356271
29208,奈良県,,御所市,,135.740177,34.46334
29209,奈良県,,生駒市,,135.700553,34.691979
29210,奈良県,,香芝市,,135.699162,34.541295
29211,奈良県,,葛城市,,135.726563,34.489158
29212,奈良県,,宇陀市,,135.952303,34.528073
29322,奈良県,山辺郡,山添村,,136.043797,34.681261
29342,奈良県,生駒郡,平群町,,135.700711,34.629155000000004
29343,奈良県,生駒郡,三郷町,,135.695425,34.599977
29344,奈良県,生駒郡,斑鳩町,,135.730593,34.608852
29345,奈良県,生駒郡,安堵町,,135.756781,34.606488
29361,奈良県,磯城郡,川西町,,135.773871,34.584383
29362,奈良県,磯城郡,三宅町,,135.773177,34.573678
29363,奈良県,磯城郡,田原本町,,135.79494,34.556667
29385,奈良県,宇陀郡,曽爾村,,136.124475,34.510664
29386,奈良県,宇陀郡,御杖村,,136.16591,34.488391
29401,奈良県,高市郡,高取町,,135.793168,34.449468
29402,奈良県,高市郡,明日香村,,135.8125,34.470547
29424,奈良県,北葛城郡,上牧町,,135.716674,34.562723
29425,奈良県,北葛城郡,王寺町,,135.706705,34.594696
29426,奈良県,北葛城郡,広陵町,,135.750842,34.54274
29427,奈良県,北葛城郡,河合町,,135.736699,34.578369
29441,奈良県,吉野郡,吉野町,,135.857612,34.396046
29442,奈良県,吉野郡,大淀町,,135.789798,34.390529
29443,奈良県,吉野郡,下市町,,135.791872,34.360951
29444,奈良県,吉野郡,黒滝村,,135.85225,34.309276
29446,奈良県,吉野郡,天川村,,135.855135,34.241929
29447,奈良県,吉野郡,野迫川村,,135.63303,34.166293
29449,奈良県,吉野郡,十津川村,,135.792611,33.988504
29450,奈良県,吉野郡,下北山村,,135.955178,34.00508
29451,奈良県,吉野郡,上北山村,,136.000149,34.134321
29452,奈良県,吉野郡,川上村,,135.954303,34.338121
29453,奈良県,吉野郡,東吉野村,,135.968307,34.403541
30201,和歌山県,,和歌山市,,135.170808,34.230514
30202,和歌山県,,海南市,,135.239634,34.157601
30203,和歌山県,,橋本市,,135.605208,34.314876
30204,和歌山県,,有田市,,135.127727,34.083104
30205,和歌山県,,御坊市,,135.152406,33.891412
30206,和歌山県,,田辺市,,135.377662,33.728010000000005
30207,和歌山県,,新宮市,,135.992525,33.724224
30208,和歌山県,,紀の川市,,135.362576,34.269538
30209,和歌山県,,岩出市,,135.311451,34.256267
30304,和歌山県,海草郡,紀美野町,,135.307575,34.167192
30341,和歌山県,伊都郡,かつらぎ町,,135.503802,34.296416
30343,和歌山県,伊都郡,九度山町,,135.562242,34.287192
30344,和歌山県,伊都郡,高野町,,135.586536,34.216077
30361,和歌山県,有田郡,湯浅町,,135.190474,34.029411
30362,和歌山県,有田郡,広川町,,135.173072,34.029957
30366,和歌山県,有田郡,有田川町,,135.216116,34.057488
30381,和歌山県,日高郡,美浜町,,135.133265,33.893806
30382,和歌山県,日高郡,日高町,,135.141072,33.925677
30383,和歌山県,日高郡,由良町,,135.118187,33.959251
30390,和歌山県,日高郡,印南町,,135.222639,33.819553000000006
30391,和歌山県,日高郡,みなべ町,,135.321434,33.772333
30392,和歌山県,日高郡,日高川町,,135.186,33.911693
30401,和歌山県,西牟婁郡,白浜町,,135.348108,33.678188
30404,和歌山県,西牟婁郡,上富田町,,135.428802,33.696352
30406,和歌山県,西牟婁郡,すさみ町,,135.496678,33.550062
30421,和歌山県,東牟婁郡,那智勝浦町,,135.941042,33.625988
30422,和歌山県,東牟婁郡,太地町,,135.943964,33.594037
30424,和歌山県,東牟婁郡,古座川町,,135.814999,33.53199
30427,和歌山県,東牟婁郡,北山村,,135.969303,33.9321
30428,和歌山県,東牟婁郡,串本町,,135.786998,33.485693
31201,鳥取県,,鳥取市,,134.222122,35.494395
31202,鳥取県,,米子市,,133.330939,35.42813600000001
31203,鳥取県,,倉吉市,,133.825561,35.430182
31204,鳥取県,,境港市,,133.2316,35.539606
31302,鳥取県,岩美郡,岩美町,,134.332087,35.575896
31325,鳥取県,八頭郡,若桜町,,134.400992,35.340149000000004
31328,鳥取県,八頭郡,智頭町,,134.226587,35.265081
31329,鳥取県,八頭郡,八頭町,,134.250526,35.409211
31364,鳥取県,東伯郡,三朝町,,133.861742,35.408461
31370,鳥取県,東伯郡,湯梨浜町,,133.86468100000002,35.48991500000001
31371,鳥取県,東伯郡,琴浦町,,133.692779,35.495184
31372,鳥取県,東伯郡,北栄町,,133.758294,35.490011
31384,鳥取県,西伯郡,日吉津村,,133.380808,35.440179
31386,鳥取県,西伯郡,大山町,,133.496123,35.510779
31389,鳥取県,西伯郡,南部町,,133.326829,35.34033
31390,鳥取県,西伯郡,伯耆町,,133.407384,35.38523
31401,鳥取県,日野郡,日南町,,133.306255,35.163311
31402,鳥取県,日野郡,日野町,,133.442659,35.240793
31403,鳥取県,日野郡,江府町,,133.479128,35.27576400000001
32201,島根県,,松江市,,133.04852700000004,35.468039
32202,島根県,,浜田市,,132.079883,34.899255
32203,島根県,,出雲市,,132.754712,35.366917
32204,島根県,,益田市,,131.84286200000003,34.674814
32205,島根県,,大田市,,132.499351,35.19209
32206,島根県,,安来市,,133.250851,35.431451
32207,島根県,,江津市,,132.217707,35.011624
32209,島根県,,雲南市,,132.900297,35.307648
32343,島根県,仁多郡,奥出雲町,,133.002549,35.197428
32386,島根県,飯石郡,飯南町,,132.713304,34.998609
32441,島根県,邑智郡,川本町,,132.49589500000002,34.995217
32448,島根県,邑智郡,美郷町,,132.590543,35.076512
32449,島根県,邑智郡,邑南町,,132.437976,34.893934
32501,島根県,鹿足郡,津和野町,,131.834956,34.542002
32505,島根県,鹿足郡,吉賀町,,131.935137,34.35351
32525,島根県,隠岐郡,海士町,,133.096701,36.096561
32526,島根県,隠岐郡,西ノ島町,,133.013454,36.091826
32527,島根県,隠岐郡,知夫村,,133.039372,36.013927
32528,島根県,隠岐郡,隠岐の島町,,133.311705,36.213368
33101,岡山県,,岡山市,北区,133.919566,34.655107
33102,岡山県,,岡山市,中区,133.943144,34.670776
33103,岡山県,,岡山市,東区,134.029443,34.6514
33104,岡山県,,岡山市,南区,133.919553,34.599771
33202,岡山県,,倉敷市,,133.772281,34.584677
33203,岡山県,,津山市,,134.004543,35.069118
33204,岡山県,,玉野市,,133.946012,34.491979
33205,岡山県,,笠岡市,,133.507441,34.507182
33207,岡山県,,井原市,,133.463798,34.597709
33208,岡山県,,総社市,,133.746531,34.67281
33209,岡山県,,高梁市,,133.616678,34.791361
33210,岡山県,,新見市,,133.470345,34.977058
33211,岡山県,,備前市,,134.188137,34.745129
33212,岡山県,,瀬戸内市,,134.092849,34.664893
33213,岡山県,,赤磐市,,134.018848,34.755396
33214,岡山県,,真庭市,,133.752756,35.075591
33215,岡山県,,美作市,,134.148578,35.008594
33216,岡山県,,浅口市,,133.584911,34.527834
33346,岡山県,和気郡,和気町,,134.157539,34.802882
33423,岡山県,都窪郡,早島町,,133.828304,34.600822
33445,岡山県,浅口郡,里庄町,,133.556886,34.51374
33461,岡山県,小田郡,矢掛町,,133.587085,34.627596
33586,岡山県,真庭郡,新庄村,,133.567638,35.179367
33606,岡山県,苫田郡,鏡野町,,133.93303,35.091772
33622,岡山県,勝田郡,勝央町,,134.116172,35.04179
33623,岡山県,勝田郡,奈義町,,134.177427,35.123024
33643,岡山県,英田郡,西粟倉村,,134.335708,35.171853
33663,岡山県,久米郡,久米南町,,133.960647,34.929179
33666,岡山県,久米郡,美咲町,,133.958149,34.997967
33681,岡山県,加賀郡,吉備中央町,,133.6935,34.86340400000001
34101,広島県,,広島市,中区,132.454992,34.386288
34102,広島県,,広島市,東区,132.482384,34.395333
34103,広島県,,広島市,南区,132.469061,34.379884
34104,広島県,,広島市,西区,132.434426,34.393966
34105,広島県,,広島市,安佐南区,132.471641,34.45185
34106,広島県,,広島市,安佐北区,132.507633,34.518282
34107,広島県,,広島市,安芸区,132.525542,34.371756
34108,広島県,,広島市,佐伯区,132.36082,34.36446
34202,広島県,,呉市,,132.56580500000004,34.249254
34203,広島県,,竹原市,,132.907091,34.341794
34204,広島県,,三原市,,133.078525,34.39747
34205,広島県,,尾道市,,133.20496600000004,34.408891
34207,広島県,,福山市,,133.36234,34.485927
34208,広島県,,府中市,,133.236323,34.568349
34209,広島県,,三次市,,132.85179,34.805627
34210,広島県,,庄原市,,133.017264,34.857743
34211,広島県,,大竹市,,132.222361,34.237952
34212,広島県,,東広島市,,132.743746,34.426787000000004
34213,広島県,,廿日市市,,132.331541,34.348416
34214,広島県,,安芸高田市,,132.703977,34.666099
34215,広島県,,江田島市,,132.462196,34.174983
34302,広島県,安芸郡,府中町,,132.504544,34.392589
34304,広島県,安芸郡,海田町,,132.536246,34.366394
34307,広島県,安芸郡,熊野町,,132.584604,34.335783
34309,広島県,安芸郡,坂町,,132.513639,34.341282
34368,広島県,山県郡,安芸太田町,,132.227141,34.576731
34369,広島県,山県郡,北広島町,,132.538427,34.674541
34431,広島県,豊田郡,大崎上島町,,132.914963,34.269552
34462,広島県,世羅郡,世羅町,,133.056631,34.586837
34545,広島県,神石郡,神石高原町,,133.251527,34.703641
35201,山口県,,下関市,,130.941459,33.957828
35202,山口県,,宇部市,,131.246761,33.951623
35203,山口県,,山口市,,131.473511,34.178178
35204,山口県,,萩市,,131.399104,34.408107
35206,山口県,,防府市,,131.562627,34.051756
35207,山口県,,下松市,,131.870317,34.015038
35208,山口県,,岩国市,,132.218942,34.1665
35210,山口県,,光市,,131.942296,33.961916
35211,山口県,,長門市,,131.182198,34.370959
35212,山口県,,柳井市,,132.101597,33.963839
35213,山口県,,美祢市,,131.205703,34.16667
35215,山口県,,周南市,,131.806293,34.055135
35216,山口県,,山陽小野田市,,131.181786,34.003089
35305,山口県,大島郡,周防大島町,,132.19532,33.927628
35321,山口県,玖珂郡,和木町,,132.220405,34.202408
35341,山口県,熊毛郡,上関町,,132.110193,33.830801
35343,山口県,熊毛郡,田布施町,,132.041366,33.954677
35344,山口県,熊毛郡,平生町,,132.073057,33.937969
35502,山口県,阿武郡,阿武町,,131.47136,34.503352
36201,徳島県,,徳島市,,134.554713,34.070234
36202,徳島県,,鳴門市,,134.6088,34.17259
36203,徳島県,,小松島市,,134.590603,34.004713
36204,徳島県,,阿南市,,134.659566,33.921762
36205,徳島県,,吉野川市,,134.358667,34.066235
36206,徳島県,,阿波市,,134.297578,34.102131
36207,徳島県,,美馬市,,134.169725,34.053387
36208,徳島県,,三好市,,133.80718,34.026044
36301,徳島県,勝浦郡,勝浦町,,134.511251,33.931453
36302,徳島県,勝浦郡,上勝町,,134.401819,33.888841
36321,徳島県,名東郡,佐那河内村,,134.457555,33.993775
36341,徳島県,名西郡,石井町,,134.440764,34.074698
36342,徳島県,名西郡,神山町,,134.350531,33.967225
36368,徳島県,那賀郡,那賀町,,134.496736,33.857497
36383,徳島県,海部郡,牟岐町,,134.420661,33.668312
36387,徳島県,海部郡,美波町,,134.535413,33.734573
36388,徳島県,海部郡,海陽町,,134.351866,33.602043
36401,徳島県,板野郡,松茂町,,134.580537,34.133849
36402,徳島県,板野郡,北島町,,134.546985,34.125594
36403,徳島県,板野郡,藍住町,,134.495112,34.126776
36404,徳島県,板野郡,板野町,,134.462616,34.144364
36405,徳島県,板野郡,上板町,,134.404999,34.121365
36468,徳島県,美馬郡,つるぎ町,,134.064051,34.037307
36489,徳島県,三好郡,東みよし町,,133.93676,34.036785
37201,香川県,,高松市,,134.046574,34.342791
37202,香川県,,丸亀市,,133.798708,34.289878
37203,香川県,,坂出市,,133.860502,34.316478
37204,香川県,,善通寺市,,133.787153,34.228417
37205,香川県,,観音寺市,,133.661597,34.12737
37206,香川県,,さぬき市,,134.171989,34.32521
37207,香川県,,東かがわ市,,134.358837,34.243803
37208,香川県,,三豊市,,133.71520300000003,34.182556
37322,香川県,小豆郡,土庄町,,134.188626,34.486626
37324,香川県,小豆郡,小豆島町,,134.308875,34.479684000000006
37341,香川県,木田郡,三木町,,134.134363,34.268355
37364,香川県,香川郡,直島町,,133.995638,34.45983
37386,香川県,綾歌郡,宇多津町,,133.825566,34.310301
37387,香川県,綾歌郡,綾川町,,133.923099,34.249613
37403,香川県,仲多度郡,琴平町,,133.823303,34.19142
37404,香川県,仲多度郡,多度津町,,133.758668,34.272919
37406,香川県,仲多度郡,まんのう町,,133.841393,34.192334
38201,愛媛県,,松山市,,132.765556,33.839157
38202,愛媛県,,今治市,,132.997658,34.066043
38203,愛媛県,,宇和島市,,132.560563,33.22334
38204,愛媛県,,八幡浜市,,132.423334,33.462898
38205,愛媛県,,新居浜市,,133.283379,33.960329
38206,愛媛県,,西条市,,133.181186,33.919615
38207,愛媛県,,大洲市,,132.544514,33.506285
38210,愛媛県,,伊予市,,132.703778,33.757461
38213,愛媛県,,四国中央市,,133.549188,33.980694
38214,愛媛県,,西予市,,132.51096700000002,33.363017
38215,愛媛県,,東温市,,132.872299,33.791027
38356,愛媛県,越智郡,上島町,,133.204492,34.257467
38386,愛媛県,上浮穴郡,久万高原町,,132.901665,33.655603
38401,愛媛県,伊予郡,松前町,,132.711364,33.787479
38402,愛媛県,伊予郡,砥部町,,132.792233,33.74926
38422,愛媛県,喜多郡,内子町,,132.658083,33.532937
38442,愛媛県,西宇和郡,伊方町,,132.353998,33.488593
38484,愛媛県,北宇和郡,松野町,,132.710935,33.22715
38488,愛媛県,北宇和郡,鬼北町,,132.684032,33.255792
38506,愛媛県,南宇和郡,愛南町,,132.583326,32.962168000000005
39201,高知県,,高知市,,133.531166,33.558788
39202,高知県,,室戸市,,134.151981,33.289955
39203,高知県,,安芸市,,133.907074,33.502416
39204,高知県,,南国市,,133.64146,33.575673
39205,高知県,,土佐市,,133.425326,33.496012
39206,高知県,,須崎市,,133.282959,33.400745
39208,高知県,,宿毛市,,132.70205,32.933992
39209,高知県,,土佐清水市,,132.9551,32.781603
39210,高知県,,四万十市,,132.93375,32.991385
39211,高知県,,香南市,,133.700543,33.564124
39212,高知県,,香美市,,133.686245,33.60386
39301,高知県,安芸郡,東洋町,,134.279968,33.527976
39302,高知県,安芸郡,奈半利町,,134.020957,33.424179
39303,高知県,安芸郡,田野町,,134.008209,33.427713
39304,高知県,安芸郡,安田町,,133.98108,33.438601
39305,高知県,安芸郡,北川村,,134.042069,33.447694
39306,高知県,安芸郡,馬路村,,134.048114,33.555347
39307,高知県,安芸郡,芸西村,,133.808942,33.526915
39341,高知県,長岡郡,本山町,,133.586728,33.759642
39344,高知県,長岡郡,大豊町,,133.642958,33.768535
39363,高知県,土佐郡,土佐町,,133.532107,33.736896
39364,高知県,土佐郡,大川村,,133.46661300000002,33.783927
39386,高知県,吾川郡,いの町,,133.427583,33.548689
39387,高知県,吾川郡,仁淀川町,,133.171104,33.575226
39401,高知県,高岡郡,中土佐町,,133.224823,33.329246
39402,高知県,高岡郡,佐川町,,133.286642,33.500809
39403,高知県,高岡郡,越知町,,133.252221,33.532848
39405,高知県,高岡郡,檮原町,,132.927065,33.39217
39410,高知県,高岡郡,日高村,,133.373342,33.534833
39411,高知県,高岡郡,津野町,,133.199377,33.446666
39412,高知県,高岡郡,四万十町,,133.137018,33.211574
39424,高知県,幡多郡,大月町,,132.707092,32.841534
39427,高知県,幡多郡,三原村,,132.847233,32.906019
39428,高知県,幡多郡,黒潮町,,133.004184,33.024929
40101,福岡県,,北九州市,門司区,130.959546,33.941238
40103,福岡県,,北九州市,若松区,130.811221,33.905435
40105,福岡県,,北九州市,戸畑区,130.8298,33.893442
40106,福岡県,,北九州市,小倉北区,130.873361,33.88089
40107,福岡県,,北九州市,小倉南区,130.884808,33.846525
40108,福岡県,,北九州市,八幡東区,130.811892,33.86354
40109,福岡県,,北九州市,八幡西区,130.765167,33.866505
40131,福岡県,,福岡市,東区,130.417363,33.617744
40132,福岡県,,福岡市,博多区,130.414372,33.590787
40133,福岡県,,福岡市,中央区,130.392819,33.589238
40134,福岡県,,福岡市,南区,130.426442,33.561561
40135,福岡県,,福岡市,西区,130.323133,33.582917
40136,福岡県,,福岡市,城南区,130.369912,33.575686
40137,福岡県,,福岡市,早良区,130.348409,33.581944
40202,福岡県,,大牟田市,,130.446058,33.030248
40203,福岡県,,久留米市,,130.508371,33.319286
40204,福岡県,,直方市,,130.729652,33.744181
40205,福岡県,,飯塚市,,130.691422,33.646083
40206,福岡県,,田川市,,130.806298,33.63876
40207,福岡県,,柳川市,,130.405739,33.163064
40210,福岡県,,八女市,,130.557912,33.211952
40211,福岡県,,筑後市,,130.502151,33.212246
40212,福岡県,,大川市,,130.383922,33.206622
40213,福岡県,,行橋市,,130.9829633,33.72876191
40214,福岡県,,豊前市,,131.129941,33.611538
40215,福岡県,,中間市,,130.709026,33.816699
40216,福岡県,,小郡市,,130.555541,33.39645
40217,福岡県,,筑紫野市,,130.526038,33.487473
40218,福岡県,,春日市,,130.470368,33.532629
40219,福岡県,,大野城市,,130.478697,33.53629
40220,福岡県,,宗像市,,130.540651,33.805448
40221,福岡県,,太宰府市,,130.523876,33.512835
40223,福岡県,,古賀市,,130.469995,33.728664
40224,福岡県,,福津市,,130.491038,33.766897
40225,福岡県,,うきは市,,130.754928,33.347305
40226,福岡県,,宮若市,,130.666716,33.723523
40227,福岡県,,嘉麻市,,130.719189,33.598437
40228,福岡県,,朝倉市,,130.665573,33.423412
40229,福岡県,,みやま市,,130.474734,33.152434
40230,福岡県,,糸島市,,130.1955,33.55745
40231,福岡県,,那珂川市,,130.4222,33.499597
40341,福岡県,糟屋郡,宇美町,,130.511208,33.567768
40342,福岡県,糟屋郡,篠栗町,,130.526207,33.623869
40343,福岡県,糟屋郡,志免町,,130.479807,33.591503
40344,福岡県,糟屋郡,須恵町,,130.507234,33.587268
40345,福岡県,糟屋郡,新宮町,,130.446567,33.71531300000001
40348,福岡県,糟屋郡,久山町,,130.499906,33.646726
40349,福岡県,糟屋郡,粕屋町,,130.480582,33.610854
40381,福岡県,遠賀郡,芦屋町,,130.663874,33.893862
40382,福岡県,遠賀郡,水巻町,,130.694783,33.85485
40383,福岡県,遠賀郡,岡垣町,,130.611749,33.853491
40384,福岡県,遠賀郡,遠賀町,,130.668341,33.848166
40401,福岡県,鞍手郡,小竹町,,130.707988,33.696521
40402,福岡県,鞍手郡,鞍手町,,130.674008,33.792112
40421,福岡県,嘉穂郡,桂川町,,130.678118,33.578889000000004
40447,福岡県,朝倉郡,筑前町,,130.595183,33.457033
40448,福岡県,朝倉郡,東峰村,,130.869919,33.39731400000001
40503,福岡県,三井郡,大刀洗町,,130.622454,33.372425
40522,福岡県,三潴郡,大木町,,130.439806,33.210453
40544,福岡県,八女郡,広川町,,130.551416,33.241499
40601,福岡県,田川郡,香春町,,130.847401,33.668006000000005
40602,福岡県,田川郡,添田町,,130.854088,33.571816
40604,福岡県,田川郡,糸田町,,130.778958,33.652736
40605,福岡県,田川郡,川崎町,,130.814915,33.599956
40608,福岡県,田川郡,大任町,,130.853742,33.612164
40609,福岡県,田川郡,赤村,,130.870855,33.616692
40610,福岡県,田川郡,福智町,,130.78012,33.683263
40621,福岡県,京都郡,苅田町,,130.980475,33.776006
40625,福岡県,京都郡,みやこ町,,130.920096,33.699236
40642,福岡県,築上郡,吉富町,,131.175951,33.602643
40646,福岡県,築上郡,上毛町,,131.164207,33.578425
40647,福岡県,築上郡,築上町,,131.05604,33.656146
41201,佐賀県,,佐賀市,,130.300835,33.263543
41202,佐賀県,,唐津市,,129.96797,33.450103
41203,佐賀県,,鳥栖市,,130.506244,33.377758
41204,佐賀県,,多久市,,130.110061,33.288513
41205,佐賀県,,伊万里市,,129.880702,33.264741
41206,佐賀県,,武雄市,,130.021171,33.194733
41207,佐賀県,,鹿島市,,130.098603,33.103804
41208,佐賀県,,小城市,,130.21728,33.273776
41209,佐賀県,,嬉野市,,130.06012,33.128092
41210,佐賀県,,神埼市,,130.371811,33.31153100000001
41327,佐賀県,神埼郡,吉野ヶ里町,,130.398753,33.321148
41341,佐賀県,三養基郡,基山町,,130.523052,33.426944
41345,佐賀県,三養基郡,上峰町,,130.426137,33.319626
41346,佐賀県,三養基郡,みやき町,,130.45459,33.324943
41387,佐賀県,東松浦郡,玄海町,,129.874689,33.472164
41401,佐賀県,西松浦郡,有田町,,129.849014,33.210574
41423,佐賀県,杵島郡,大町町,,130.116032,33.213871
41424,佐賀県,杵島郡,江北町,,130.15731,33.220464
41425,佐賀県,杵島郡,白石町,,130.143493,33.18108200000001
41441,佐賀県,藤津郡,太良町,,130.179126,33.019436
42201,長崎県,,長崎市,,129.879636,32.749547
42202,長崎県,,佐世保市,,129.7150901,33.17990418
42203,長崎県,,島原市,,130.370526,32.78812
42204,長崎県,,諫早市,,130.053601,32.844208
42205,長崎県,,大村市,,129.958217,32.89996
42207,長崎県,,平戸市,,129.553671,33.368065
42208,長崎県,,松浦市,,129.709047,33.341023
42209,長崎県,,対馬市,,129.287518,34.202643
42210,長崎県,,壱岐市,,129.691377,33.749978
42211,長崎県,,五島市,,128.840815,32.695541
42212,長崎県,,西海市,,129.642962,32.933117
42213,長崎県,,雲仙市,,130.187508,32.835214
42214,長崎県,,南島原市,,130.29778300000004,32.659716
42307,長崎県,西彼杵郡,長与町,,129.875071,32.82517
42308,長崎県,西彼杵郡,時津町,,129.848527,32.828885
42321,長崎県,東彼杵郡,東彼杵町,,129.917149,33.037031000000006
42322,長崎県,東彼杵郡,川棚町,,129.86156200000002,33.072679
42323,長崎県,東彼杵郡,波佐見町,,129.895548,33.137890000000006
42383,長崎県,北松浦郡,小値賀町,,129.058766,33.191074
42391,長崎県,北松浦郡,佐々町,,129.650353,33.238426
42411,長崎県,南松浦郡,新上五島町,,129.073401,32.984553
43101,熊本県,,熊本市,中央区,130.708223,32.803218
43102,熊本県,,熊本市,東区,130.768061,32.78053
43103,熊本県,,熊本市,西区,130.647562,32.776371
43104,熊本県,,熊本市,南区,130.678922,32.71536
43105,熊本県,,熊本市,北区,130.694263,32.903561
43202,熊本県,,八代市,,130.601888,32.507412
43203,熊本県,,人吉市,,130.76028,32.20572
43204,熊本県,,荒尾市,,130.433036,32.986838
43205,熊本県,,水俣市,,130.408725,32.211883
43206,熊本県,,玉名市,,130.562773,32.935244
43208,熊本県,,山鹿市,,130.691297,33.016728
43210,熊本県,,菊池市,,130.813241,32.979485
43211,熊本県,,宇土市,,130.658562,32.687292
43212,熊本県,,上天草市,,130.430405,32.587422
43213,熊本県,,宇城市,,130.684287,32.647814
43214,熊本県,,阿蘇市,,131.121031,32.951869
43215,熊本県,,天草市,,130.19301,32.458621
43216,熊本県,,合志市,,130.789726,32.885996
43348,熊本県,下益城郡,美里町,,130.789007,32.639609
43364,熊本県,玉名郡,玉東町,,130.628593,32.918905
43367,熊本県,玉名郡,南関町,,130.543547,33.0595
43368,熊本県,玉名郡,長洲町,,130.4527,32.929756
43369,熊本県,玉名郡,和水町,,130.60581300000004,32.978158
43403,熊本県,菊池郡,大津町,,130.868284,32.87899
43404,熊本県,菊池郡,菊陽町,,130.828654,32.862515
43423,熊本県,阿蘇郡,南小国町,,131.070724,33.098192
43424,熊本県,阿蘇郡,小国町,,131.068157,33.121568
43425,熊本県,阿蘇郡,産山村,,131.216799,32.995747
43428,熊本県,阿蘇郡,高森町,,131.122023,32.827271
43432,熊本県,阿蘇郡,西原村,,130.903036,32.834719
43433,熊本県,阿蘇郡,南阿蘇村,,131.01770800000003,32.845116
43441,熊本県,上益城郡,御船町,,130.801821,32.714585
43442,熊本県,上益城郡,嘉島町,,130.7573034,32.74007245
43443,熊本県,上益城郡,益城町,,130.816418,32.791397
43444,熊本県,上益城郡,甲佐町,,130.811466,32.651356
43447,熊本県,上益城郡,山都町,,130.990425,32.685448
43468,熊本県,八代郡,氷川町,,130.67375300000003,32.582402
43482,熊本県,葦北郡,芦北町,,130.493119,32.299102
43484,熊本県,葦北郡,津奈木町,,130.439621,32.233892
43501,熊本県,球磨郡,錦町,,130.840902,32.200987
43505,熊本県,球磨郡,多良木町,,130.935795,32.264039
43506,熊本県,球磨郡,湯前町,,130.980987,32.276144
43507,熊本県,球磨郡,水上村,,131.009541,32.314379
43510,熊本県,球磨郡,相良村,,130.797985,32.23526
43511,熊本県,球磨郡,五木村,,130.827833,32.397343
43512,熊本県,球磨郡,山江村,,130.767136,32.246465
43513,熊本県,球磨郡,球磨村,,130.651274,32.252621
43514,熊本県,球磨郡,あさぎり町,,130.897827,32.240321
43531,熊本県,天草郡,苓北町,,130.05472,32.513413
44201,大分県,,大分市,,131.609377,33.239526
44202,大分県,,別府市,,131.491328,33.284642
44203,大分県,,中津市,,131.18824,33.598302
44204,大分県,,日田市,,130.94131,33.321041
44205,大分県,,佐伯市,,131.899499,32.960204
44206,大分県,,臼杵市,,131.804638,33.125948
44207,大分県,,津久見市,,131.861219,33.072339
44208,大分県,,竹田市,,131.397838,32.973673
44209,大分県,,豊後高田市,,131.44699,33.556238
44210,大分県,,杵築市,,131.616089,33.417029
44211,大分県,,宇佐市,,131.349545,33.531972
44212,大分県,,豊後大野市,,131.584105,32.977555
44213,大分県,,由布市,,131.426792,33.179996
44214,大分県,,国東市,,131.732238,33.56331
44322,大分県,東国東郡,姫島村,,131.645143,33.724536
44341,大分県,速見郡,日出町,,131.532536,33.369442
44461,大分県,玖珠郡,九重町,,131.18879700000002,33.228521
44462,大分県,玖珠郡,玖珠町,,131.151553,33.283135
45201,宮崎県,,宮崎市,,131.420244,31.907675999999995
45202,宮崎県,,都城市,,131.061497,31.719519
45203,宮崎県,,延岡市,,131.664859,32.582401
45204,宮崎県,,日南市,,131.378731,31.601931999999998
45205,宮崎県,,小林市,,130.972674,31.996657
45206,宮崎県,,日向市,,131.623962,32.422947
45207,宮崎県,,串間市,,131.228306,31.464539
45208,宮崎県,,西都市,,131.401266,32.108562
45209,宮崎県,,えびの市,,130.810841,32.045347
45341,宮崎県,北諸県郡,三股町,,131.12492,31.730686000000002
45361,宮崎県,西諸県郡,高原町,,131.00787,31.928413000000003
45382,宮崎県,東諸県郡,国富町,,131.323535,31.990646000000005
45383,宮崎県,東諸県郡,綾町,,131.253182,31.999135000000003
45401,宮崎県,児湯郡,高鍋町,,131.503341,32.12799
45402,宮崎県,児湯郡,新富町,,131.487984,32.068937
45403,宮崎県,児湯郡,西米良村,,131.154452,32.226354
45404,宮崎県,児湯郡,木城町,,131.473354,32.163784
45405,宮崎県,児湯郡,川南町,,131.525816,32.192009
45406,宮崎県,児湯郡,都農町,,131.55969,32.256434
45421,宮崎県,東臼杵郡,門川町,,131.646461,32.470894
45429,宮崎県,東臼杵郡,諸塚村,,131.330319,32.512184
45430,宮崎県,東臼杵郡,椎葉村,,131.157554,32.466712
45431,宮崎県,東臼杵郡,美郷町,,131.423106,32.440256
45441,宮崎県,西臼杵郡,高千穂町,,131.307871,32.711651
45442,宮崎県,西臼杵郡,日之影町,,131.380922,32.659411
45443,宮崎県,西臼杵郡,五ヶ瀬町,,131.196247,32.682915
46201,鹿児島県,,鹿児島市,,130.557339,31.596789
46203,鹿児島県,,鹿屋市,,130.852223,31.378268
46204,鹿児島県,,枕崎市,,130.296991,31.272922000000005
46206,鹿児島県,,阿久根市,,130.192622,32.014364
46208,鹿児島県,,出水市,,130.352647,32.090458
46210,鹿児島県,,指宿市,,130.633118,31.252805
46213,鹿児島県,,西之表市,,130.99703500000004,30.732453000000003
46214,鹿児島県,,垂水市,,130.70093,31.492757999999995
46215,鹿児島県,,薩摩川内市,,130.30395,31.813485999999997
46216,鹿児島県,,日置市,,130.402436,31.633709
46217,鹿児島県,,曽於市,,131.019255,31.653622
46218,鹿児島県,,霧島市,,130.763136,31.741015000000004
46219,鹿児島県,,いちき串木野市,,130.27193400000002,31.714542
46220,鹿児島県,,南さつま市,,130.323494,31.416569999999997
46221,鹿児島県,,志布志市,,131.099752,31.477446000000004
46222,鹿児島県,,奄美市,,129.49378,28.377273
46223,鹿児島県,,南九州市,,130.441623,31.378251
46224,鹿児島県,,伊佐市,,130.612934,32.057152
46225,鹿児島県,,姶良市,,130.627758,31.728213
46303,鹿児島県,鹿児島郡,三島村,,130.560735,31.594533
46304,鹿児島県,鹿児島郡,十島村,,130.560588,31.593157
46392,鹿児島県,薩摩郡,さつま町,,130.45534,31.906331
46404,鹿児島県,出水郡,長島町,,130.176919,32.19932
46452,鹿児島県,姶良郡,湧水町,,130.721025,31.951654000000005
46468,鹿児島県,曽於郡,大崎町,,131.005592,31.429102000000004
46482,鹿児島県,肝属郡,東串良町,,130.973339,31.38579
46490,鹿児島県,肝属郡,錦江町,,130.787485,31.243572
46491,鹿児島県,肝属郡,南大隅町,,130.768061,31.217205000000003
46492,鹿児島県,肝属郡,肝付町,,130.945223,31.344362
46501,鹿児島県,熊毛郡,中種子町,,130.958847,30.532821
46502,鹿児島県,熊毛郡,南種子町,,130.900867,30.413916
46505,鹿児島県,熊毛郡,屋久島町,,130.651297,30.390044
46523,鹿児島県,大島郡,大和村,,129.395262,28.358076
46524,鹿児島県,大島郡,宇検村,,129.29720800000004,28.280773
46525,鹿児島県,大島郡,瀬戸内町,,129.314734,28.146484
46527,鹿児島県,大島郡,龍郷町,,129.589355,28.4133
46529,鹿児島県,大島郡,喜界町,,129.940035,28.316838
46530,鹿児島県,大島郡,徳之島町,,129.018504,27.726621
46531,鹿児島県,大島郡,天城町,,128.897749,27.81166
46532,鹿児島県,大島郡,伊仙町,,128.937584,27.673583
46533,鹿児島県,大島郡,和泊町,,128.655253,27.392559
46534,鹿児島県,大島郡,知名町,,128.573732,27.333676
46535,鹿児島県,大島郡,与論町,,128.421587,27.044917
47201,沖縄県,,那覇市,,127.679218,26.212295
47205,沖縄県,,宜野湾市,,127.77863699999999,26.281581
47207,沖縄県,,石垣市,,124.18525299999999,24.344467
47208,沖縄県,,浦添市,,127.721804,26.245816
47209,沖縄県,,名護市,,127.97747400000002,26.591555
47210,沖縄県,,糸満市,,127.66582299999999,26.123542
47211,沖縄県,,沖縄市,,127.80569400000002,26.334354
47212,沖縄県,,豊見城市,,127.681233,26.177142
47213,沖縄県,,うるま市,,127.85748,26.379151
47214,沖縄県,,宮古島市,,125.294722,24.789929
47215,沖縄県,,南城市,,127.770626,26.163142
47301,沖縄県,国頭郡,国頭村,,128.177907,26.745638
47302,沖縄県,国頭郡,大宜味村,,128.120159,26.701712
47303,沖縄県,国頭郡,東村,,128.15687,26.633284
47306,沖縄県,国頭郡,今帰仁村,,127.97273899999999,26.682527000000004
47308,沖縄県,国頭郡,本部町,,127.898175,26.658035
47311,沖縄県,国頭郡,恩納村,,127.85357,26.497502
47313,沖縄県,国頭郡,宜野座村,,127.97561500000002,26.481585
47314,沖縄県,国頭郡,金武町,,127.926011,26.456137
47315,沖縄県,国頭郡,伊江村,,127.807014,26.71349
47324,沖縄県,中頭郡,読谷村,,127.74442400000001,26.396154
47325,沖縄県,中頭郡,嘉手納町,,127.75537999999999,26.361723
47326,沖縄県,中頭郡,北谷町,,127.76390099999999,26.320069
47327,沖縄県,中頭郡,北中城村,,127.793027,26.301079000000005
47328,沖縄県,中頭郡,中城村,,127.78960500000001,26.261986
47329,沖縄県,中頭郡,西原町,,127.758819,26.222856
47348,沖縄県,島尻郡,与那原町,,127.75479400000002,26.199502
47350,沖縄県,島尻郡,南風原町,,127.728554,26.191122
47353,沖縄県,島尻郡,渡嘉敷村,,127.364289,26.197331
47354,沖縄県,島尻郡,座間味村,,127.30320499999999,26.228949
47355,沖縄県,島尻郡,粟国村,,127.228863,26.581744
47356,沖縄県,島尻郡,渡名喜村,,127.14112199999998,26.372110000000003
47357,沖縄県,島尻郡,南大東村,,131.231872,25.828903
47358,沖縄県,島尻郡,北大東村,,131.298917,25.945712000000004
47359,沖縄県,島尻郡,伊平屋村,,127.96861999999999,27.039169
47360,沖縄県,島尻郡,伊是名村,,127.941188,26.924069
47361,沖縄県,島尻郡,久米島町,,126.80502100000001,26.340669
47362,沖縄県,島尻郡,八重瀬町,,127.71864500000001,26.158192
47375,沖縄県,宮古郡,多良間村,,124.701693,24.669449
47381,沖縄県,八重山郡,竹富町,,124.154437,24.339763
47382,沖縄県,八重山郡,与那国町,,123.004496,24.468034
