PREF,MUNI_CD,MUNI_NAME,SEQ,ADR,USE_PDF,USE_SRC,GC_LEVEL,GC_METHOD,GC_LAT,GC_LON,TRUTH_LAT,TRUTH_LON,IN_MUNI,ERROR_KM
01,01104,札幌市,1,米里3条3丁目,5,5,town,A_normalize,43.077628,141.426688,43.079714,141.42775,True,0.247
01,01107,札幌市,2,発寒8条10丁目,2,2,town,A_normalize,43.093519,141.282186,43.096385,141.281249,True,0.328
01,01108,札幌市,3,大谷地東1丁目,2,2,town,A_normalize,43.030280,141.449883,43.029203,141.446239,True,0.319
01,01204,旭川市,1,永山町11丁目,3,3,town,A_normalize,43.802664,142.456682,43.816981,142.435257,True,2.343
01,01206,釧路市,2,大楽毛,3,3,town,A_normalize,43.016294,144.252766,43.021641,144.259085,True,0.786
01,01207,帯広市,3,西20条北2丁目25番,3,3,town,A_normalize,42.936109,143.145320,42.938403,143.142672,True,0.334
01,01208,北見市,4,仁頃地内,3,3,town,A_normalize,43.895527,143.905766,43.893485,143.908497,True,0.315
01,01208,北見市,5,端野町緋牛内,2,2,town,A_normalize,43.899517,144.019008,43.885591,143.998985,True,2.23
01,01224,千歳市,6,流通3丁目地内,2,2,town,A_normalize,42.828359,141.686549,42.831702,141.687013,True,0.374
01,01226,砂川市,7,空知太東1条3丁目,3,3,town,A_normalize,43.531794,141.919611,43.531288,141.919476,True,0.057
01,01229,富良野市,8,字西扇山の1地内,2,2,town,A_normalize,43.323248,142.397743,43.325563,142.401161,True,0.378
01,01229,富良野市,9,字北扇山,1,1,town,A_normalize,43.326863,142.414629,43.3229,142.420135,True,0.627
01,01229,富良野市,10,鳥沼,1,1,city,A_city_fallback,43.342024,142.383104,43.347756,142.441799,True,4.789
01,01231,恵庭市,11,戸磯201-18地内,2,2,town,A_normalize,42.873988,141.606348,42.885996,141.603272,True,1.359
01,01460,上富良野町,1,1587番,2,2,city,A_city_fallback,43.455614,142.467112,43.475941,142.564193,True,8.154
01,01460,上富良野町,2,東12線北地内,4,4,city,A_city_fallback,43.455614,142.467112,43.409367,142.526625,True,7.038
01,01487,天塩町,3,中産土,1,1,city,A_city_fallback,44.888121,141.745324,44.93622,141.830172,True,8.559
01,01487,天塩町,4,南雄信内,1,1,town,A_normalize,44.795986,141.922703,44.789806,141.930174,True,0.905
01,01519,利尻富士町,5,鬼脇字旭浜鰊泊,5,5,town,A_normalize,45.187957,141.299364,45.199925,141.311417,True,1.632
01,01519,利尻富士町,6,鬼脇字旭浜鰊泊,5,5,town,A_normalize,45.187957,141.299364,45.193336,141.316935,True,1.501
01,01519,利尻富士町,7,鬼脇字旭浜鰊泊,5,5,town,A_normalize,45.187957,141.299364,45.189924,141.317282,True,1.421
01,01578,白老町,8,竹浦,4,4,town,A_normalize,42.547084,141.167725,42.522225,141.249148,True,7.221
01,01631,音更町,9,新通20丁目,3,3,town,A_normalize,42.978658,143.208814,42.981766,143.210143,True,0.362
01,01631,音更町,10,新通20丁目,3,3,town,A_normalize,42.978658,143.208814,42.981612,143.205484,True,0.426
01,01631,音更町,11,中音更西3線,1,1,town,A_normalize,43.129279,143.177815,43.12104,143.173969,True,0.968
01,01636,清水町,12,御影,1,1,town,A_normalize,42.964841,142.951460,42.941909,142.946557,True,2.581
01,01692,中標津町,13,計根別,5,5,town,A_normalize,43.490691,144.790109,43.475395,144.81487,False,2.624
02,02201,青森市,1,富田3丁目235-50地内,5,5,town,A_normalize,40.833134,140.711691,40.834194,140.709798,True,0.198
02,02205,五所川原市,2,大字金山字盛山,1,1,city,A_city_fallback,40.807695,140.446075,40.807199,140.492338,True,3.894
02,02205,五所川原市,3,大字高瀬地内,3,3,town,A_normalize,40.837704,140.417425,40.830201,140.419189,True,0.847
02,02207,三沢市,4,大字三沢字猫又,5,5,city,A_city_fallback,40.683078,141.369093,40.686178,141.350458,True,1.609
02,02209,つがる市,5,森田町月見野,1,1,city,A_city_fallback,40.808836,140.380195,40.814256,140.34636,True,2.911
02,02387,中泊町,6,大字尾別地内,1,1,town,A_normalize,40.987595,140.435118,40.982974,140.435869,True,0.518
02,02411,六ヶ所村,7,大字鷹架内子内,5,5,city,A_city_fallback,40.967375,141.374434,40.918645,141.336255,True,6.296
02,02423,大間町,8,大字大間字内山,2,2,city,A_city_fallback,41.522371,140.904830,41.517192,140.922937,True,1.614
02,02450,新郷村,9,大字戸来重堂地内,4,4,city,A_city_fallback,40.465784,141.173400,40.473603,141.176201,True,0.901
04,04101,仙台市,1,荒巻字青葉,2,2,city,A_city_fallback,38.269087,140.870378,38.257682,140.830147,True,3.734
04,04101,仙台市,2,荒巻字青葉,2,2,city,A_city_fallback,38.269087,140.870378,38.256937,140.829205,True,3.84
04,04102,仙台市,3,榴岡1丁目,3,3,town,A_normalize,38.259017,140.884867,38.257752,140.88675,True,0.216
04,04212,登米市,4,東和町米谷,4,4,town,A_normalize,38.714369,141.316638,38.73866,141.313381,True,2.716
04,04213,栗原市,5,栗駒沼倉地,2,2,town,A_normalize,38.914641,140.851516,38.913038,140.862803,True,0.993
04,04214,東松島市,6,矢本字大溜,2,2,city,A_city_fallback,38.426134,141.210278,38.427961,141.212752,True,0.296
04,04215,大崎市,7,岩出山下野目字八幡前,3,3,city,A_city_fallback,38.577132,140.955565,38.626714,140.901363,True,7.251
04,04421,大和町,8,鶴巣大平字勝負沢,3,3,city,A_city_fallback,38.437330,140.886309,38.416246,140.968786,True,7.557
05,05203,横手市,1,婦気前地内,5,5,town,A_normalize,39.304931,140.552703,39.308608,140.550302,True,0.458
05,05203,横手市,2,駅条里地内,5,5,city,A_city_fallback,39.313777,140.566636,39.308612,140.551407,True,1.431
05,05203,横手市,3,雄物川町薄井,5,5,town,A_normalize,39.319421,140.437454,39.325341,140.446315,True,1.007
05,05203,横手市,4,雄物川町薄井,5,5,town,A_normalize,39.319421,140.437454,39.324482,140.446321,True,0.948
05,05207,湯沢市,5,戸堀,5,5,city,A_city_fallback,39.164074,140.494683,39.148503,140.442176,True,4.847
05,05207,湯沢市,6,戸堀,5,5,city,A_city_fallback,39.164074,140.494683,39.150231,140.444367,True,4.603
05,05212,大仙市,7,角間川町,5,5,town,A_normalize,39.388396,140.474441,39.398444,140.478931,True,1.182
05,05212,大仙市,8,角間川町愛宕,5,5,city,A_city_fallback,39.453090,140.475448,39.403579,140.475574,True,5.505
05,05303,小坂町,9,字台作,3,4,city,A_city_fallback,40.332926,140.736191,40.384545,140.753001,True,5.914
06,06201,山形市,1,花楯町1丁目,5,5,city,A_city_fallback,38.255436,140.339605,38.270264,140.354556,True,2.103
06,06201,山形市,2,沼木地内,5,5,town,A_normalize,38.246405,140.290597,38.246083,140.290585,True,0.036
06,06201,山形市,3,東青田3丁目,5,5,town,A_normalize,38.221393,140.338458,38.218822,140.338032,True,0.288
06,06205,新庄市,4,金沢新町,5,5,town,A_normalize,38.749544,140.309214,38.750759,140.311275,True,0.224
06,06205,新庄市,5,檜町地内,5,5,town,A_normalize,38.772547,140.294237,38.774452,140.291084,True,0.346
06,06207,上山市,6,北町2丁目地内,5,5,town,A_normalize,38.158231,140.284233,38.158225,140.283908,True,0.028
06,06209,長井市,7,河井,5,5,town,A_normalize,38.072497,140.049902,38.07171,140.047508,True,0.227
06,06210,天童市,8,山王地内,5,5,town,A_normalize,38.337376,140.378304,38.335144,140.379493,True,0.269
06,06211,東根市,9,大字野田字シタ,3,3,town,A_normalize,38.428441,140.355555,38.424276,140.347497,True,0.841
06,06213,南陽市,10,宮内,5,5,town,A_normalize,38.077537,140.148525,38.072441,140.142585,True,0.769
06,06302,中山町,11,柳沢地内,3,3,town,A_normalize,38.329652,140.242305,38.33945,140.226344,True,1.768
07,07201,福島市,1,佐倉下字一本杉,3,3,city,A_city_fallback,37.760759,140.473269,37.741686,140.401984,True,6.616
07,07203,郡山市,2,笹川字雷堂,5,5,city,A_city_fallback,37.400455,140.359650,37.324508,140.416046,True,9.806
07,07203,郡山市,3,小山田,5,5,town,A_normalize,37.404550,140.336606,37.404787,140.335786,True,0.077
07,07203,郡山市,4,下枝字中名畑,1,1,town,A_normalize,37.389067,140.320952,37.32845,140.529973,True,19.665
07,07203,郡山市,5,赤沼西平,4,4,town,A_normalize,37.371595,140.429306,37.371774,140.425361,True,0.349
07,07203,郡山市,6,柳橋久根込,5,5,city,A_city_fallback,37.400455,140.359650,37.365349,140.525441,True,15.16
07,07203,郡山市,7,町岩作字坂ノ上,5,5,town,A_normalize,37.475931,140.308600,37.343982,140.363205,True,15.444
07,07203,郡山市,8,町田母神字姉屋,1,1,town,A_normalize,37.475931,140.308600,37.305349,140.550537,True,28.577
07,07203,郡山市,9,町田母神馬場入,1,1,town,A_normalize,37.475931,140.308600,37.346323,140.492225,True,21.696
07,07203,郡山市,10,町栃本字市穀,1,1,town,A_normalize,37.475931,140.308600,37.310251,140.489244,True,24.374
07,07203,郡山市,11,高倉字下中道,4,4,town,A_normalize,37.478961,140.395500,37.475469,140.387943,True,0.772
07,07204,いわき市,12,三和町差塩館下,1,1,city,A_city_fallback,37.050456,140.887687,37.177917,140.709013,True,21.257
07,07204,いわき市,13,三和町差塩字掘添,1,1,town,A_normalize,37.181884,140.719775,37.196836,140.721819,True,1.672
07,07204,いわき市,14,三和町上三坂字本町,1,1,city,A_city_fallback,37.050456,140.887687,37.186266,140.624211,True,27.817
07,07204,いわき市,15,西小川字下大沢地内,1,1,town,A_normalize,37.030572,140.919530,37.110335,140.840048,True,11.331
07,07204,いわき市,16,川前町字棚木,1,1,town,A_normalize,37.039859,140.909317,37.23114,140.705588,True,27.902
07,07204,いわき市,17,泉町滝尻字松原,3,3,city,A_city_fallback,37.050456,140.887687,36.935209,140.862864,True,13.003
07,07207,須賀川市,18,花岡,1,1,town,A_normalize,37.273921,140.385705,37.274557,140.385279,True,0.08
07,07208,喜多方市,19,字町田,2,2,town,A_normalize,37.645489,139.867851,37.646778,139.8683,True,0.149
07,07209,相馬市,20,成田字五郎右左門橋,4,4,town,A_normalize,37.783447,140.918762,37.785274,140.926231,True,0.687
07,07211,田村市,21,船引町大字船引字新沼,4,4,city,A_city_fallback,37.440592,140.576339,37.450501,140.565823,True,1.441
07,07408,猪苗代町,22,大字川桁字林口,3,3,city,A_city_fallback,37.557799,140.104794,37.539192,140.142692,True,3.93
07,07466,矢吹町,23,一本木,4,4,town,A_normalize,37.200905,140.342201,37.196203,140.342991,True,0.528
07,07466,矢吹町,24,寺内,4,4,town,A_normalize,37.187386,140.359098,37.18683,140.355949,True,0.286
07,07502,玉川村,25,南須釜字滝作,1,1,city,A_city_fallback,37.210718,140.408939,37.204611,140.480299,True,6.356
07,07502,玉川村,26,南須釜字狸穴,1,1,city,A_city_fallback,37.210718,140.408939,37.204607,140.479226,True,6.262
07,07503,平田村,27,大字九生滝,1,1,town,A_normalize,37.241224,140.590745,37.230815,140.595001,True,1.217
07,07503,平田村,28,大字九生滝字大道,1,1,city,A_city_fallback,37.221944,140.575685,37.241965,140.59172,True,2.64
07,07503,平田村,29,大字九生滝字大道,1,1,city,A_city_fallback,37.221944,140.575685,37.236795,140.586379,True,1.904
07,07505,古殿町,30,山上仮宿,3,3,city,A_city_fallback,37.089182,140.555692,37.127723,140.576253,True,4.657
07,07505,古殿町,31,山上字越牧,1,1,city,A_city_fallback,37.089182,140.555692,37.133825,140.603026,True,6.501
07,07505,古殿町,32,山上字戸草,1,1,city,A_city_fallback,37.089182,140.555692,37.11737,140.562374,True,3.19
07,07505,古殿町,33,松川字古内,1,1,city,A_city_fallback,37.089182,140.555692,37.050892,140.727705,False,15.844
07,07505,古殿町,34,大字松川字仁田,1,1,city,A_city_fallback,37.089182,140.555692,37.036865,140.620667,True,8.19
07,07521,三春町,35,大字富沢字平生田,1,1,city,A_city_fallback,37.441047,140.492575,37.495901,140.538624,True,7.329
07,07522,小野町,36,塩庭字畑作,1,1,town,A_normalize,37.241550,140.624556,37.263461,140.601271,True,3.191
07,07522,小野町,37,浮金字日影,1,1,city,A_city_fallback,37.286823,140.626280,37.335473,140.570786,True,7.304
08,08203,土浦市,1,上高津,1,1,town,A_normalize,36.076263,140.171451,36.078367,140.182867,True,1.052
08,08219,牛久市,2,桂町,3,3,town,A_normalize,35.973489,140.244745,35.975474,140.247484,True,0.331
08,08220,つくば市,3,研究学園7丁目,1,1,town,A_normalize,36.084142,140.093673,36.084049,140.09667,True,0.27
08,08220,つくば市,4,研究学園7丁目,1,1,town,A_normalize,36.084142,140.093673,36.084696,140.09899,True,0.482
08,08235,つくばみらい市,5,西楢戸地内,1,1,town,A_normalize,35.995912,140.026037,35.998472,140.028667,True,0.37
08,08302,茨城町,6,上石崎,6,6,town,A_normalize,36.295703,140.469808,36.319951,140.460553,True,2.821
08,08302,茨城町,7,上石崎,6,6,town,A_normalize,36.295703,140.469808,36.319955,140.461331,True,2.802
08,08302,茨城町,8,上石崎,3,3,town,A_normalize,36.295703,140.469808,36.319321,140.460557,True,2.754
09,09210,大田原市,1,富池地内1号井戸,4,4,town,A_normalize,36.906762,140.039231,36.897421,140.032973,True,1.178
09,09210,大田原市,2,富池地内2号井戸,4,4,town,A_normalize,36.906762,140.039231,36.896762,140.036403,True,1.14
09,09210,大田原市,3,富池地内7号井戸,4,4,town,A_normalize,36.906762,140.039231,36.896117,140.041544,True,1.201
10,10202,高崎市,1,八幡原町,3,3,town,A_normalize,36.296733,139.093859,36.300203,139.098573,True,0.572
10,10428,高山村,2,中山地内,4,4,town,A_normalize,36.621687,138.959336,36.59038,138.962332,True,3.491
10,10444,川場村,3,湯原地内,5,5,city,A_city_fallback,36.694683,139.106512,36.711178,139.113465,True,1.936
10,10521,板倉町,4,大字海老瀬,1,1,town,A_normalize,36.224719,139.655551,36.222874,139.649634,True,0.569
11,11101,さいたま市,1,大字清河寺,1,1,town,A_normalize,35.934798,139.584113,35.926247,139.575857,True,1.207
11,11109,さいたま市,2,東浦和,1,1,oaza,A_oaza_exact,35.867610,139.700518,35.861787,139.696593,True,0.738
11,11214,春日部市,3,南,2,2,city,A_city_fallback,35.975305,139.752409,35.977482,139.755237,True,0.351
11,11218,深谷市,4,大塚島地内,1,1,town,A_normalize,36.214019,139.266462,36.215851,139.268318,True,0.263
11,11218,深谷市,5,谷之地内,1,1,town,A_normalize,36.206267,139.266478,36.207257,139.267796,True,0.162
12,12206,木更津市,1,茅野地先,4,4,town,A_normalize,35.356375,140.065163,35.341962,140.091253,True,2.858
12,12206,木更津市,2,中島398地先,6,6,town,A_normalize,35.434688,139.917963,35.431867,139.916271,True,0.349
12,12206,木更津市,3,潮浜,3,3,oaza,A_oaza_exact,35.373282,139.910780,35.373232,139.910902,True,0.012
12,12206,木更津市,4,畑沢,1,1,town,A_normalize,35.342618,139.919759,35.343725,139.922066,True,0.243
12,12210,茂原市,5,上永吉1076-1 バックヤード1犬舎側,4,4,town,A_normalize,35.402568,140.286906,35.401245,140.295211,True,0.767
12,12210,茂原市,6,上永吉1076-1 バックヤード2側,4,4,town,A_normalize,35.402568,140.286906,35.40187,140.294436,True,0.687
12,12211,成田市,7,吉倉127-1 成田浄化センター処理棟,1,1,town,A_normalize,35.774730,140.344799,35.780769,140.339113,True,0.845
12,12211,成田市,8,東町地先,1,1,town,A_normalize,35.780760,140.321656,35.780686,140.323657,True,0.181
12,12225,君津市,9,貞元,2,2,town,A_normalize,35.318577,139.905074,35.319623,139.903934,True,0.156
13,13101,千代田区,1,永田町,1,1,oaza,A_oaza_exact,35.675472,139.743767,35.672922,139.744759,True,0.297
13,13102,中央区,2,京橋,1,1,oaza,A_oaza_exact,35.676737,139.771094,35.677356,139.775002,True,0.36
13,13103,港区,3,虎ノ門1丁目202番地1他,1,1,town,A_normalize,35.668358,139.749670,35.667932,139.749327,True,0.057
13,13113,渋谷区,4,渋谷,1,1,oaza,A_oaza_exact,35.659363,139.706572,35.660649,139.710155,True,0.354
13,13117,北区,5,滝野川6丁目14-3他,3,3,town,A_normalize,35.745180,139.724294,35.743706,139.72511,True,0.18
13,13201,八王子市,6,長沼町,1,1,town,A_normalize,35.642169,139.367759,35.647252,139.36136,True,0.809
13,13201,八王子市,7,八木町,1,1,town,A_normalize,35.661071,139.321762,35.661345,139.320667,True,0.104
13,13204,三鷹市,8,上連雀9-41(上連雀浄水所),1,1,town,A_normalize,35.686404,139.552522,35.687682,139.550281,True,0.247
13,13210,小金井市,9,貫井北1-577-1 西棟北側,1,1,town,A_normalize,35.702353,139.496261,35.7017,139.498372,True,0.204
13,13210,小金井市,10,貫井北1-577-1 東棟北側,1,1,town,A_normalize,35.702353,139.496261,35.7017,139.498372,True,0.204
13,13219,狛江市,11,猪方,2,5,oaza,A_oaza_exact,35.626020,139.579784,35.627161,139.582792,True,0.3
13,13224,多摩市,12,山王下,2,1,oaza,A_oaza_exact,35.626822,139.420479,35.628345,139.420087,True,0.173
14,14366,開成町,1,宮台,1,1,town,A_normalize,35.324799,139.122855,35.321314,139.12126,True,0.414
17,17201,金沢市,1,兼六町,2,2,town,A_normalize,36.562953,136.662307,36.560889,136.664839,True,0.322
17,17201,金沢市,2,打木町地内,2,2,town,A_normalize,36.567622,136.566580,36.562847,136.574425,True,0.879
17,17202,七尾市,3,中島町田岸地内,5,5,town,A_normalize,37.162593,136.872745,37.178093,136.854978,False,2.334
17,17203,小松市,4,新町,5,5,town,A_normalize,36.410519,136.452015,36.409559,136.451575,True,0.114
17,17203,小松市,5,北浅井町,5,5,town,A_normalize,36.390331,136.463061,36.390179,136.45398,True,0.813
17,17203,小松市,6,末広町地内,5,5,town,A_normalize,36.400877,136.441678,36.401492,136.441293,True,0.077
17,17209,かほく市,7,高松(南新町)地内,5,5,town,A_normalize,36.766923,136.718787,36.766199,136.725703,True,0.621
17,17209,かほく市,8,秋浜地内,2,2,town,A_normalize,36.729045,136.696116,36.728661,136.696192,True,0.043
17,17209,かほく市,9,内日角地内,4,4,town,A_normalize,36.706022,136.700525,36.711469,136.701364,True,0.61
17,17210,白山市,10,乾町地内,5,5,town,A_normalize,36.523661,136.583048,36.524778,136.582882,True,0.125
17,17210,白山市,11,福増町地内,5,5,town,A_normalize,36.542001,136.577888,36.546465,136.575017,True,0.559
17,17211,能美市,12,下ノ江町,5,5,town,A_normalize,36.440049,136.457107,36.437047,136.45577,True,0.355
17,17211,能美市,13,三ツ口町地内,3,3,town,A_normalize,36.456687,136.577083,36.457114,136.577823,True,0.081
17,17211,能美市,14,中ノ江町,5,5,town,A_normalize,36.440038,136.467571,36.436949,136.464063,True,0.465
17,17361,津幡町,15,南中条,5,5,town,A_normalize,36.655313,136.729008,36.657539,136.725131,True,0.425
17,17386,宝達志水町,16,杉野屋,3,3,town,A_normalize,36.877520,136.822499,36.884939,136.799725,True,2.187
17,17407,中能登町,17,井田,4,4,town,A_normalize,36.957987,136.915117,36.991054,136.915433,True,3.677
17,17407,中能登町,18,羽坂地内,4,4,town,A_normalize,36.994608,136.908921,36.963124,136.8934,True,3.763
17,17407,中能登町,19,羽坂地内,5,5,town,A_normalize,36.994608,136.908921,36.99787,136.908178,True,0.369
17,17407,中能登町,20,久乃木地内,3,3,town,A_normalize,36.990051,136.943475,36.995322,136.927604,True,1.527
17,17407,中能登町,21,小竹地内,4,4,town,A_normalize,36.947891,136.912290,36.958481,136.904417,True,1.37
17,17407,中能登町,22,水白地内,4,4,town,A_normalize,36.955376,136.891583,36.95869,136.891435,True,0.369
17,17407,中能登町,23,瀬戸地内,5,5,town,A_normalize,37.013616,136.867719,37.005012,136.880508,True,1.485
17,17407,中能登町,24,東馬場地内,4,4,town,A_normalize,36.966353,136.892774,36.960014,136.901672,True,1.059
18,18202,敦賀市,1,東洋町1番1号,3,3,town,A_normalize,35.640147,136.067611,35.638968,136.057029,True,0.965
20,20201,長野市,1,川合新田,2,2,town,A_normalize,36.622899,138.206454,36.622988,138.201782,True,0.417
20,20201,長野市,2,南長野地内,5,5,town,A_normalize,36.649947,138.184107,36.648866,138.185141,True,0.152
20,20202,松本市,3,梓川倭,1,1,town,A_normalize,36.232167,137.892428,36.236783,137.890122,True,0.553
20,20202,松本市,4,県1丁目(県の森公園),2,2,town,A_normalize,36.233394,137.982176,36.230915,137.96482,True,1.581
20,20202,松本市,5,寿豊丘,4,4,town,A_normalize,36.184231,137.979598,36.184407,137.972614,True,0.627
20,20202,松本市,6,渚1丁目,1,2,town,A_normalize,36.234551,137.956576,36.231674,137.956384,True,0.32
20,20202,松本市,7,深志1丁目,2,2,town,A_normalize,36.229674,137.965969,36.233344,137.983945,True,1.663
20,20202,松本市,8,島立,2,2,town,A_normalize,36.223511,137.936509,36.219489,137.936439,True,0.447
20,20203,上田市,9,常田1丁目,2,2,town,A_normalize,36.392941,138.254160,36.391687,138.255867,True,0.207
20,20210,駒ヶ根市,10,中沢,6,6,town,A_normalize,35.720444,138.015304,35.733405,138.032609,True,2.125
20,20212,大町市,11,大町,3,3,town,A_normalize,36.524630,137.870628,36.48789,137.856004,True,4.289
20,20212,大町市,12,大町,3,3,town,A_normalize,36.524630,137.870628,36.489802,137.854721,True,4.125
20,20212,大町市,13,平,1,1,town,A_normalize,36.498712,137.734753,36.526716,137.815847,True,7.888
20,20213,飯山市,14,大字飯山北町 地内,5,5,town,A_normalize,36.854400,138.327453,36.858375,138.368707,True,3.697
20,20214,茅野市,15,宮川,1,2,town,A_normalize,35.978166,138.160466,35.985519,138.156195,True,0.903
20,20214,茅野市,16,豊平,1,1,town,A_normalize,36.008593,138.295905,36.017725,138.243686,True,4.805
20,20215,塩尻市,17,五千石,2,2,town,A_normalize,36.137172,137.971314,36.136561,137.966049,True,0.478
20,20215,塩尻市,18,広丘野村,1,1,town,A_normalize,36.144836,137.957696,36.145917,137.951293,True,0.587
20,20217,佐久市,19,中込(佐久総合病院佐久医療センター),5,5,town,A_normalize,36.242432,138.466709,36.250483,138.472264,True,1.024
20,20220,安曇野市,20,豊科高家,1,3,town,A_normalize,36.273491,137.927558,36.273986,137.936718,True,0.823
20,20309,佐久穂町,21,大字上,1,1,town,A_normalize,36.126216,138.377626,36.158555,138.451203,True,7.522
20,20362,富士見町,22,立沢,1,1,town,A_normalize,35.944188,138.283352,35.94631,138.270079,True,1.218
20,20363,原村,23,横見山,1,1,city,A_city_fallback,35.964354,138.217471,35.965732,138.268221,True,4.57
20,20485,白馬村,24,北城,5,5,town,A_normalize,36.708415,137.838605,36.697031,137.854716,True,1.915
20,20602,栄村,25,大字豊栄字鴨付,1,1,town,A_normalize,37.004202,138.527619,36.984822,138.501331,True,3.177
23,23104,名古屋市,1,栄生1‐1‐,2,2,town,A_normalize,35.185553,136.876962,35.184053,136.875649,True,0.205
23,23104,名古屋市,2,上名古屋3丁目12番18号,5,5,town,A_normalize,35.195646,136.893307,35.195809,136.892658,True,0.062
23,23105,名古屋市,3,太閤3‐7‐,2,2,town,A_normalize,35.165641,136.879273,35.162179,136.883511,True,0.545
23,23111,名古屋市,4,港明町1‐10‐,2,2,town,A_normalize,35.090505,136.884416,35.108269,136.889932,True,2.038
23,23112,名古屋市,5,菊住1‐7‐,2,2,town,A_normalize,35.114868,136.935239,35.110976,136.935976,True,0.438
23,23114,名古屋市,6,大高町奥平子1‐,3,3,city,A_city_fallback,35.070721,136.952602,35.055232,136.94928,True,1.749
23,23115,名古屋市,7,香流1丁目,5,5,town,A_normalize,35.187924,136.989773,35.187378,136.990089,True,0.067
23,23201,豊橋市,8,北山町地内,2,2,town,A_normalize,34.735825,137.391003,34.738652,137.39191,True,0.325
23,23202,岡崎市,9,大門1丁目,5,5,town,A_normalize,34.981038,137.150678,34.976761,137.153992,True,0.563
23,23203,一宮市,10,一宮中島裏,5,5,city,A_city_fallback,35.304013,136.802344,35.320094,136.81244,True,2.009
23,23203,一宮市,11,今伊勢町本神戸河原,1,1,city,A_city_fallback,35.304013,136.802344,35.312355,136.794107,True,1.191
23,23203,一宮市,12,小信中島西山,3,3,city,A_city_fallback,35.304013,136.802344,35.309676,136.742366,True,5.479
23,23203,一宮市,13,浅井町尾関億屋敷,2,2,town,A_normalize,35.348453,136.825916,35.347929,136.82634,True,0.07
23,23203,一宮市,14,浅野字大曲,3,3,town,A_normalize,35.294070,136.828577,35.295314,136.823755,True,0.459
23,23203,一宮市,15,丹陽町伝法寺911‐,3,3,town,A_normalize,35.263483,136.848964,35.268169,136.839897,True,0.974
23,23203,一宮市,16,篭屋1丁目,1,1,town,A_normalize,35.309147,136.767092,35.309874,136.768211,True,0.13
23,23204,瀬戸市,17,熊野町,5,5,town,A_normalize,35.219922,137.090974,35.218239,137.094785,True,0.394
23,23204,瀬戸市,18,紺屋田町,5,5,town,A_normalize,35.233802,137.112485,35.23168,137.111876,True,0.242
23,23206,春日井市,19,上条町2丁目,1,1,town,A_normalize,35.240761,136.983782,35.239571,136.983691,True,0.133
23,23206,春日井市,20,田楽町北植田,5,5,town,A_normalize,35.274312,136.950908,35.273849,136.952417,True,0.146
23,23208,津島市,21,神明町,5,5,town,A_normalize,35.177694,136.718471,35.178368,136.71863,True,0.076
23,23215,犬山市,22,字寺西,5,5,town,A_normalize,35.334250,136.951251,35.331061,136.953797,True,0.423
23,23219,小牧市,23,大字大草字壇之上5410番,3,3,town,A_normalize,35.301032,137.002779,35.282424,136.988229,True,2.455
23,23222,東海市,24,加木屋町白拍子69‐,3,3,city,A_city_fallback,35.022976,136.902229,35.01981,136.908772,True,0.692
23,23223,大府市,25,横根町坊主山1‐,5,5,town,A_normalize,35.039800,136.971247,35.007865,136.975292,True,3.57
23,23223,大府市,26,吉田地内,3,3,town,A_normalize,34.989565,136.934060,34.999304,136.938213,True,1.147
23,23223,大府市,27,吉田町正右エ門新田1‐,2,2,city,A_city_fallback,35.011611,136.963868,34.992402,136.940138,True,3.039
23,23225,知立市,28,新知字梅の木,1,1,city,A_city_fallback,35.001285,137.050843,34.974048,136.869458,False,16.799
23,23228,岩倉市,29,石仏町西浦,1,1,city,A_city_fallback,35.279433,136.871428,35.29405,136.869114,True,1.639
23,23229,豊明市,30,沓掛町陣田17‐,3,3,city,A_city_fallback,35.053756,137.013124,35.074448,137.033997,True,2.984
23,23230,日進市,31,岩崎町葦廻間,5,5,town,A_normalize,35.145028,137.044798,35.154034,137.033189,True,1.455
23,23234,北名古屋市,32,法成寺中道,5,5,city,A_city_fallback,35.245657,136.865961,35.253631,136.854921,True,1.338
23,23235,弥富市,33,子宝2‐,2,2,town,A_normalize,35.107905,136.768203,35.103732,136.773489,True,0.668
23,23236,みよし市,34,三好町小坂,5,5,city,A_city_fallback,35.089699,137.074728,35.085744,137.076761,True,0.477
23,23237,あま市,35,七宝町下田矢倉下,5,5,city,A_city_fallback,35.188266,136.803703,35.169368,136.786767,True,2.605
23,23238,長久手市,36,菅池,5,5,town,A_normalize,35.172192,137.051898,35.169236,137.048209,True,0.47
23,23342,豊山町,37,豊場下戸,1,1,city,A_city_fallback,35.250462,136.911977,35.241793,136.916756,True,1.057
23,23441,阿久比町,38,大字卯坂字梅ヶ丘,3,3,city,A_city_fallback,34.932569,136.915512,34.936941,136.899207,True,1.564
24,24201,津市,1,安濃町太田地内,4,4,town,A_normalize,34.758641,136.474037,34.755885,136.469949,True,0.483
24,24201,津市,2,一身田町,3,3,town,A_normalize,34.762043,136.506841,34.758607,136.509831,True,0.47
24,24201,津市,3,神戸地内,1,1,town,A_normalize,34.705827,136.474019,34.69649,136.474728,True,1.04
24,24201,津市,4,あのつ台地内,3,3,oaza,A_oaza_exact,34.789877,136.498049,34.787504,136.507438,True,0.897
24,24202,四日市市,5,山之一色町字穴田509番,3,3,town,A_normalize,35.012655,136.600898,35.019609,136.604226,True,0.831
24,24202,四日市市,6,中野町字乳母ケ懐,3,3,town,A_normalize,35.043992,136.560243,35.037023,136.559725,True,0.776
24,24204,松阪市,7,伊勢場町,3,3,town,A_normalize,34.529170,136.590589,34.523515,136.58503,True,0.809
24,24204,松阪市,8,嬉野算所地内,4,4,town,A_normalize,34.615714,136.479660,34.61381,136.481997,True,0.301
24,24204,松阪市,9,中道町,3,3,town,A_normalize,34.619693,136.516520,34.618157,136.519901,True,0.353
24,24205,桑名市,10,多度町多度地内,5,5,town,A_normalize,35.147652,136.614122,35.132301,136.631771,True,2.343
24,24205,桑名市,11,能部,3,3,town,A_normalize,35.051716,136.636818,35.04958,136.641847,True,0.516
24,24207,鈴鹿市,12,上野町,5,5,town,A_normalize,34.894706,136.550146,34.887276,136.544273,True,0.985
24,24207,鈴鹿市,13,太栄町5丁目5番1号,3,3,city,A_city_fallback,34.881866,136.584185,34.885301,136.634721,True,4.625
24,24208,名張市,14,希央台地内,2,2,oaza,A_oaza_prefix,34.624328,136.101293,34.626672,136.099021,True,0.333
24,24208,名張市,15,希央台地内,2,2,oaza,A_oaza_prefix,34.624328,136.101293,34.627474,136.099031,True,0.406
24,24210,亀山市,16,能褒野町能褒野,3,3,town,A_normalize,34.894870,136.486186,34.900825,136.486134,True,0.662
24,24214,いなべ市,17,員弁町大泉新田,3,3,town,A_normalize,35.106259,136.567910,35.099425,136.570651,True,0.8
24,24216,伊賀市,18,久米町地内,2,2,town,A_normalize,34.754622,136.140668,34.754668,136.132782,True,0.72
25,25201,大津市,1,長等,5,5,oaza,A_oaza_exact,35.009043,135.859848,35.00777,135.861589,True,0.213
25,25203,長浜市,2,月ヶ瀬町,3,3,town,A_normalize,35.426080,136.250991,35.427536,136.255244,True,0.418
25,25203,長浜市,3,月ヶ瀬町,3,3,town,A_normalize,35.426080,136.250991,35.428064,136.253992,True,0.35
25,25203,長浜市,4,西浅井町大浦,5,5,town,A_normalize,35.482370,136.106608,35.503571,136.124686,True,2.87
25,25203,長浜市,5,大辰巳町字樋口,5,5,town,A_normalize,35.373312,136.292049,35.374577,136.291556,True,0.148
25,25204,近江八幡市,6,金剛寺町,1,1,town,A_normalize,35.124866,136.117268,35.125292,136.116331,True,0.097
25,25204,近江八幡市,7,津田町,5,5,town,A_normalize,35.155642,136.072785,35.153504,136.074661,True,0.293
25,25209,甲賀市,8,甲賀町滝,3,3,town,A_normalize,34.891894,136.207368,34.897612,136.208986,True,0.653
25,25209,甲賀市,9,水口町,5,5,oaza,A_oaza_prefix,34.970168,136.163426,34.965526,136.168649,True,0.702
25,25209,甲賀市,10,水口町山,5,5,town,A_normalize,35.002056,136.175901,35.004126,136.174834,True,0.25
25,25209,甲賀市,11,水口町水口,5,5,town,A_normalize,34.980461,136.192891,34.957742,136.174174,True,3.048
25,25212,高島市,12,マキノ工業団地内,5,5,oaza,A_oaza_prefix,35.475670,136.050221,35.469685,136.053015,True,0.712
25,25213,東近江市,13,五個荘木流町,4,4,town,A_normalize,35.143098,136.194146,35.14261,136.192504,True,0.159
25,25213,東近江市,14,春日町,4,4,town,A_normalize,35.105279,136.204535,35.104343,136.205121,True,0.117
25,25292,,15,地蔵町,5,5,town,B_town_exact,35.253765,136.268826,35.253688,136.268905,,0.011
26,26102,京都市,1,南伊勢屋町,5,5,town,A_normalize,35.017404,135.747689,35.023338,135.747056,True,0.662
26,26103,京都市,2,下鴨半木町,5,5,town,A_normalize,35.048354,135.764241,35.047971,135.764827,True,0.068
26,26104,京都市,3,寺町御池下ル,5,5,city,A_city_fallback,35.010404,135.751433,35.012883,135.770353,True,1.745
26,26107,京都市,4,吉祥院猪之馬場町,3,3,city,A_city_fallback,34.976756,135.746418,34.981524,135.728311,True,1.733
26,26107,京都市,5,久世上久世町,5,5,town,A_normalize,34.965612,135.715420,34.965795,135.714816,True,0.059
26,26107,京都市,6,久世築山町,4,4,town,A_normalize,34.954688,135.726060,34.954754,135.722236,True,0.349
26,26108,京都市,7,京北細野町,5,5,town,A_normalize,35.109741,135.628029,35.124266,135.645907,True,2.292
26,26108,京都市,8,嵯峨天龍寺造路町,5,5,town,A_normalize,35.014632,135.679115,35.014795,135.680147,True,0.096
26,26109,京都市,9,淀新町,5,5,town,A_normalize,34.900952,135.719130,34.901841,135.720113,True,0.133
26,26110,京都市,10,勧修寺小松原町,5,5,town,A_normalize,34.959897,135.799175,34.95908,135.799912,True,0.113
26,26111,京都市,11,桂清水町,5,5,town,A_normalize,34.986620,135.709774,34.987833,135.707488,True,0.248
26,26204,宇治市,12,五ヶ庄日皆田,5,4,city,A_city_fallback,34.884400,135.799780,34.904058,135.805229,True,2.242
26,26204,宇治市,13,三番割,5,5,city,A_city_fallback,34.884400,135.799780,34.911613,135.806135,True,3.081
26,26204,宇治市,14,大久保町旦椋,5,5,town,A_normalize,34.870936,135.768719,34.871341,135.762385,True,0.58
26,26209,長岡京市,15,調子,4,4,oaza,A_oaza_exact,34.910964,135.692833,34.910258,135.690983,True,0.186
26,26211,京田辺市,16,薪地内,4,4,town,A_normalize,34.823944,135.759722,34.831487,135.760358,True,0.841
27,27111,大阪市,1,元町1丁目,5,5,town,A_normalize,34.665038,135.496913,34.663065,135.498101,True,0.245
27,27142,堺市,2,学園町,4,4,town,A_normalize,34.545247,135.506457,34.542498,135.507896,True,0.333
27,27142,堺市,3,楢葉,3,3,town,A_normalize,34.514569,135.501730,34.514573,135.500526,True,0.11
27,27143,堺市,4,大美野,5,5,town,A_normalize,34.528613,135.529310,34.533267,135.523342,True,0.753
27,27202,岸和田市,5,木材町,3,3,town,A_normalize,34.490833,135.381090,34.488447,135.374189,True,0.686
27,27203,豊中市,6,勝部,2,2,oaza,A_oaza_exact,34.776273,135.455314,34.777792,135.456581,True,0.205
27,27203,豊中市,7,服部西町5丁目,5,5,town,A_normalize,34.761510,135.463630,34.762188,135.462604,True,0.12
27,27207,高槻市,8,梶原中村町,5,5,town,A_normalize,34.864343,135.657286,34.865312,135.657761,True,0.116
27,27207,高槻市,9,西面南,3,3,oaza,A_oaza_exact,34.801103,135.600726,34.798704,135.600573,True,0.267
27,27210,枚方市,10,中宮大地3丁目地内,3,3,city,A_city_fallback,34.814465,135.650642,34.817536,135.679608,True,2.666
27,27212,八尾市,11,南木の本,6,6,oaza,A_oaza_exact,34.601993,135.590662,34.604892,135.594179,True,0.456
27,27212,八尾市,12,福栄町1丁目,5,5,town,A_normalize,34.642003,135.625941,34.642307,135.626606,True,0.07
27,27215,寝屋川市,13,朝日が丘,2,2,city,A_city_fallback,34.766079,135.628008,34.770664,135.519849,False,9.893
27,27217,松原市,14,岡7丁目,5,5,town,A_normalize,34.562011,135.549376,34.558815,135.549537,True,0.356
27,27217,松原市,15,小川,3,3,oaza,A_oaza_exact,34.585047,135.578997,34.587544,135.580202,True,0.299
27,27218,大東市,16,野崎2丁目,4,4,town,A_normalize,34.718371,135.643915,34.718754,135.642726,True,0.117
27,27227,東大阪市,17,荒本北,4,4,oaza,A_oaza_exact,34.681589,135.599032,34.679571,135.598046,True,0.242
27,27227,東大阪市,18,東鴻池,5,5,oaza,A_oaza_prefix,34.693570,135.612829,34.693693,135.614792,True,0.18
29,29201,奈良市,1,右京5丁目,5,5,town,A_normalize,34.723376,135.786696,34.720263,135.786628,True,0.346
29,29201,奈良市,2,三碓1丁目,1,1,town,A_normalize,34.691524,135.737740,34.690664,135.738285,True,0.108
29,29201,奈良市,3,二名平野,5,5,town,A_normalize,34.720326,135.740523,34.713386,135.731628,True,1.121
29,29204,天理市,6,小田中町,3,3,town,A_normalize,34.610092,135.826051,34.611732,135.827974,True,0.253
29,29205,橿原市,7,雲梯町,5,5,town,A_normalize,34.500449,135.768775,34.501794,135.768955,True,0.15
29,29205,橿原市,8,四条町,5,5,town,A_normalize,34.501807,135.787686,34.504281,135.783301,True,0.487
29,29344,斑鳩町,9,目安2丁目,1,1,town,A_normalize,34.593816,135.736308,34.594286,135.73429,True,0.192
29,29362,三宅町,10,大字伴堂,5,5,town,A_normalize,34.573684,135.772535,34.573429,135.772742,True,0.034
29,29363,田原本町,11,黒田,5,5,town,A_normalize,34.566961,135.776100,34.568762,135.77706,True,0.219
29,29363,田原本町,12,大字金剛寺,2,2,town,A_normalize,34.554654,135.765819,34.555414,135.76821,True,0.235
29,29401,高取町,13,大字壺阪,5,5,town,A_normalize,34.425461,135.808271,34.449045,135.794603,True,2.907
30,30362,広川町,1,大字上津木字夏明,5,5,town,A_normalize,33.966058,135.200968,33.971669,135.194258,True,0.879
30,30366,有田川町,2,上中島,1,1,town,A_normalize,34.070981,135.205428,34.070198,135.19656,True,0.821
30,30401,白浜町,3,平,2,2,town,A_normalize,33.671424,135.400076,33.666384,135.403942,True,0.665
30,30404,上富田町,4,生馬,5,5,town,A_normalize,33.685995,135.459139,33.691503,135.428739,True,2.879
31,31202,米子市,1,二本木,3,3,town,A_normalize,35.441246,133.388991,35.436187,133.388883,True,0.563
32,32201,松江市,1,山代町,1,1,town,A_normalize,35.437132,133.093876,35.44704,133.086544,True,1.286
32,32201,松江市,2,大草町,1,1,town,A_normalize,35.425953,133.100119,35.426648,133.104301,True,0.387
34,34107,広島市,1,矢野東,3,3,town,A_normalize,34.327875,132.549557,34.34839,132.541757,True,2.391
34,34108,広島市,2,五日市町石内,5,5,town,A_normalize,34.425340,132.377471,34.419812,132.396866,True,1.882
34,34214,安芸高田市,3,八千代町,5,5,town,A_normalize,34.570249,132.580109,34.623494,132.602994,True,6.28
34,34304,海田町,4,畝2丁目,3,3,town,A_normalize,34.380539,132.552421,34.382115,132.553341,True,0.195
34,34304,海田町,5,南幸町,4,4,town,A_normalize,34.364934,132.541896,34.365481,132.540361,True,0.153
34,34368,安芸太田町,6,井仁,1,1,town,A_normalize,34.560892,132.282325,34.556356,132.276559,True,0.73
34,34369,北広島町,7,阿坂,5,5,town,A_normalize,34.632963,132.461534,34.634021,132.461316,True,0.119
34,34369,北広島町,8,大朝,5,5,town,A_normalize,34.775841,132.462439,34.763805,132.47537,True,1.785
34,34462,世羅町,9,西神崎,1,1,town,A_normalize,34.577332,133.038849,34.577739,133.041644,True,0.26
35,35203,山口市,1,小郡黄金町,5,5,town,A_normalize,34.090418,131.398007,34.090869,131.39723,True,0.087
35,35204,萩市,2,大字山田,5,5,town,A_normalize,34.361397,131.435236,34.39541,131.357548,True,8.071
35,35204,萩市,3,大字山田地内,5,5,town,A_normalize,34.361397,131.435236,34.397851,131.355683,True,8.35
35,35216,山陽小野田市,4,山陽町千町,2,2,city,A_city_fallback,34.003089,131.181786,34.055875,131.167043,True,6.025
36,36201,徳島市,1,国府町観音寺字井ノ尻,1,1,town,A_normalize,34.069936,134.472055,34.068041,134.472052,True,0.211
36,36201,徳島市,2,春日1丁目,4,4,town,A_normalize,34.093815,134.535301,34.074058,134.543583,True,2.326
36,36201,徳島市,3,南田宮4丁目,5,5,town,A_normalize,34.084230,134.533508,34.084327,134.533203,True,0.03
36,36201,徳島市,4,北矢三町4丁目,1,1,town,A_normalize,34.087214,134.518233,34.087132,134.518046,True,0.019
36,36203,小松島市,5,日開野町字かがみ松,1,1,town,A_normalize,34.000895,134.587191,34.003178,134.06402,False,48.228
36,36205,吉野川市,6,鴨島町知恵島,1,1,town,A_normalize,34.079423,134.347819,34.082345,134.350836,True,0.428
36,36341,石井町,7,浦庄字上浦,5,5,city,A_city_fallback,34.074698,134.440764,34.073473,134.40802,True,3.019
36,36341,石井町,8,浦庄字諏訪,5,5,city,A_city_fallback,34.074698,134.440764,34.080891,134.402463,True,3.594
36,36341,石井町,9,高原字関,5,5,city,A_city_fallback,34.074698,134.440764,34.083831,134.418272,True,2.307
36,36341,石井町,10,高原字西高原,5,5,city,A_city_fallback,34.074698,134.440764,34.086714,134.422381,True,2.157
36,36341,石井町,11,高原字池北,5,5,city,A_city_fallback,34.074698,134.440764,34.091868,134.422346,True,2.554
36,36341,石井町,12,高川原字桜間,5,5,city,A_city_fallback,34.074698,134.440764,34.068494,134.445213,True,0.802
36,36341,石井町,13,高川原字南島,5,5,city,A_city_fallback,34.074698,134.440764,34.082888,134.462324,True,2.185
36,36341,石井町,14,石井字重松,5,5,city,A_city_fallback,34.074698,134.440764,34.066594,134.406692,True,3.265
36,36341,石井町,15,石井字石井,5,5,city,A_city_fallback,34.074698,134.440764,34.071291,134.430744,True,0.998
36,36341,石井町,16,藍畑字高畑,5,5,city,A_city_fallback,34.074698,134.440764,34.093689,134.44436,True,2.138
36,36341,石井町,17,藍畑字西覚円,5,5,city,A_city_fallback,34.074698,134.440764,34.078755,134.434823,True,0.709
37,37201,高松市,1,屋島中町,1,1,town,A_normalize,34.346704,134.105425,34.342376,134.104536,True,0.488
37,37201,高松市,2,国分寺町福家字西羽間地内,3,3,town,A_normalize,34.279135,133.971945,34.268458,133.967907,True,1.244
37,37201,高松市,3,中新町,2,2,town,A_normalize,34.337062,134.047677,34.336449,134.047711,True,0.068
37,37201,高松市,4,東ハゼ町 ハゼ西公園内,2,2,town,A_normalize,34.320430,134.040951,34.320334,134.037401,True,0.326
37,37202,丸亀市,5,港町地内,3,3,town,A_normalize,34.298285,133.795124,34.298058,133.796974,True,0.172
37,37202,丸亀市,6,飯山町上法軍寺,5,5,town,A_normalize,34.241843,133.863200,34.2446,133.860071,True,0.42
37,37202,丸亀市,7,飯山町上法軍寺,5,5,town,A_normalize,34.241843,133.863200,34.2446,133.860071,True,0.42
37,37206,さぬき市,8,大川町富田西,2,2,town,A_normalize,34.262042,134.225445,34.267539,134.215153,True,1.126
37,37364,直島町,9,地内,5,5,city,A_city_fallback,34.459830,133.995638,34.463332,133.988759,True,0.741
39,39201,高知市,1,薊野東町,1,1,town,A_normalize,33.581964,133.563298,33.579931,133.562925,True,0.229
39,39202,室戸市,2,羽根町中川内,1,1,town,A_normalize,33.410154,134.104197,33.397695,134.092404,True,1.766
39,39428,黒潮町,4,鈴,1,1,town,A_normalize,33.124337,133.148480,33.128697,133.151731,True,0.572
40,40202,大牟田市,1,教楽来,1,1,town,A_normalize,33.013124,130.509724,33.01142,130.513055,True,0.364
40,40202,大牟田市,2,大字櫟野,1,1,town,A_normalize,33.014674,130.495562,33.016477,130.492743,True,0.331
43,43105,熊本市,1,植木町鐙田地内,4,4,town,A_normalize,32.877352,130.690190,32.872522,130.681094,True,1.005
43,43105,熊本市,2,楠本町辺田野,4,4,city,A_city_fallback,32.903561,130.694263,32.868336,130.672871,True,4.397
43,43204,荒尾市,3,高浜,1,1,town,A_normalize,32.945411,130.460642,32.944098,130.456252,True,0.435
43,43206,玉名市,4,天水町部田見,4,4,town,A_normalize,32.878987,130.578704,32.878226,130.573277,True,0.514
43,43210,菊池市,5,班蛇口地内,1,1,town,A_normalize,33.067843,130.868359,33.048179,130.950635,True,7.973
43,43348,美里町,6,中郡,4,4,town,A_normalize,32.640009,130.799351,32.640626,130.797601,True,0.178
43,43348,美里町,7,中小路,1,1,town,A_normalize,32.635225,130.783382,32.633928,130.785282,True,0.229
43,43368,長洲町,8,高浜,4,4,town,A_normalize,32.936231,130.459367,32.936294,130.462236,True,0.268
43,43442,嘉島町,9,大字下六嘉、鯰地内,5,5,town,A_normalize,32.750230,130.768973,32.7529,130.757141,True,1.146
43,43443,益城町,10,寒野地内,4,4,city,A_city_fallback,32.791397,130.816418,32.633491,130.815737,False,17.558
43,43447,山都町,11,麻山地内,1,1,town,A_normalize,32.708193,131.042301,32.705678,131.03874,True,0.435
43,43514,あさぎり町,12,上,1,1,city,A_city_fallback,32.240321,130.897827,32.215575,130.896341,True,2.755
43,43514,あさぎり町,13,深田,1,1,oaza,A_oaza_prefix,32.255856,130.872692,32.237336,130.877583,True,2.11
43,43531,苓北町,14,坂瀬川地内,1,1,town,A_normalize,32.509993,130.104467,32.5259,130.091378,True,2.153
