PREF,MUNI_CD,MUNI_NAME,SEQ,USE,TRUTH_LON,TRUTH_LAT,IN_MUNI,MUNI_DIST_KM,PAIR_PT,FIT_RES_M,INIT
01,01104,札幌市,1,5,141.42775,43.079714,True,0.0,11.8,134.0,縮尺固定 1.0594km/pt+2次
01,01107,札幌市,2,2,141.281249,43.096385,True,0.0,38.4,134.0,縮尺固定 1.0594km/pt+2次
01,01108,札幌市,3,2,141.446239,43.029203,True,0.0,9.2,134.0,縮尺固定 1.0594km/pt+2次
01,01204,旭川市,1,3,142.435257,43.816981,True,0.0,12.1,134.0,縮尺固定 1.0594km/pt+2次
01,01206,釧路市,2,3,144.259085,43.021641,True,0.0,11.8,134.0,縮尺固定 1.0594km/pt+2次
01,01207,帯広市,3,3,143.142672,42.938403,True,0.0,17.4,134.0,縮尺固定 1.0594km/pt+2次
01,01208,北見市,4,3,143.908497,43.893485,True,0.0,38.5,134.0,縮尺固定 1.0594km/pt+2次
01,01208,北見市,5,2,143.998985,43.885591,True,0.0,12.1,134.0,縮尺固定 1.0594km/pt+2次
01,01224,千歳市,6,2,141.687013,42.831702,True,0.0,5.6,134.0,縮尺固定 1.0594km/pt+2次
01,01226,砂川市,7,3,141.919476,43.531288,True,0.0,12.0,134.0,縮尺固定 1.0594km/pt+2次
01,01229,富良野市,8,2,142.401161,43.325563,True,0.0,61.6,134.0,縮尺固定 1.0594km/pt+2次
01,01229,富良野市,9,1,142.420135,43.3229,True,0.0,19.3,134.0,縮尺固定 1.0594km/pt+2次
01,01229,富良野市,10,1,142.441799,43.347756,True,0.0,66.4,134.0,縮尺固定 1.0594km/pt+2次
01,01231,恵庭市,11,2,141.603272,42.885996,True,0.0,48.6,134.0,縮尺固定 1.0594km/pt+2次
01,01460,上富良野町,1,2,142.564193,43.475941,True,0.0,7.2,134.0,縮尺固定 1.0594km/pt+2次
01,01460,上富良野町,2,4,142.526625,43.409367,True,0.0,6.4,134.0,縮尺固定 1.0594km/pt+2次
01,01487,天塩町,3,1,141.830172,44.93622,True,0.0,12.1,134.0,縮尺固定 1.0594km/pt+2次
01,01487,天塩町,4,1,141.930174,44.789806,True,0.0,12.3,134.0,縮尺固定 1.0594km/pt+2次
01,01519,利尻富士町,5,5,141.311417,45.199925,True,0.0,28.3,134.0,縮尺固定 1.0594km/pt+2次
01,01519,利尻富士町,6,5,141.316935,45.193336,True,0.0,18.3,134.0,縮尺固定 1.0594km/pt+2次
01,01519,利尻富士町,7,5,141.317282,45.189924,True,0.0,14.9,134.0,縮尺固定 1.0594km/pt+2次
01,01578,白老町,8,4,141.249148,42.522225,True,0.0,11.8,134.0,縮尺固定 1.0594km/pt+2次
01,01631,音更町,9,3,143.210143,42.981766,True,0.0,17.0,134.0,縮尺固定 1.0594km/pt+2次
01,01631,音更町,10,3,143.205484,42.981612,True,0.0,20.6,134.0,縮尺固定 1.0594km/pt+2次
01,01631,音更町,11,1,143.173969,43.12104,True,0.0,11.8,134.0,縮尺固定 1.0594km/pt+2次
01,01636,清水町,12,1,142.946557,42.941909,True,0.0,43.1,134.0,縮尺固定 1.0594km/pt+2次
01,01692,中標津町,13,5,144.81487,43.475395,False,0.074,86.4,134.0,縮尺固定 1.0594km/pt+2次
02,02201,青森市,1,5,140.709798,40.834194,True,0.0,13.7,37.0,ラベル重心+アフィン+2次
02,02205,五所川原市,2,1,140.492338,40.807199,True,0.0,13.7,37.0,ラベル重心+アフィン+2次
02,02205,五所川原市,3,3,140.419189,40.830201,True,0.0,35.6,37.0,ラベル重心+アフィン+2次
02,02207,三沢市,4,5,141.350458,40.686178,True,0.0,13.7,37.0,ラベル重心+アフィン+2次
02,02209,つがる市,5,1,140.34636,40.814256,True,0.0,51.9,37.0,ラベル重心+アフィン+2次
02,02387,中泊町,6,1,140.435869,40.982974,True,0.0,14.1,37.0,ラベル重心+アフィン+2次
02,02411,六ヶ所村,7,5,141.336255,40.918645,True,0.0,13.7,37.0,ラベル重心+アフィン+2次
02,02423,大間町,8,2,140.922937,41.517192,True,0.0,14.1,37.0,ラベル重心+アフィン+2次
02,02450,新郷村,9,4,141.176201,40.473603,True,0.0,13.7,37.0,ラベル重心+アフィン+2次
04,04101,仙台市,1,2,140.830147,38.257682,True,0.0,65.2,27.0,縮尺固定 0.2291km/pt+2次
04,04101,仙台市,2,2,140.829205,38.256937,True,0.0,63.8,27.0,縮尺固定 0.2291km/pt+2次
04,04102,仙台市,3,3,140.88675,38.257752,True,0.0,9.4,27.0,縮尺固定 0.2291km/pt+2次
04,04212,登米市,4,4,141.313381,38.73866,True,0.0,13.7,27.0,縮尺固定 0.2291km/pt+2次
04,04213,栗原市,5,2,140.862803,38.913038,True,0.0,13.7,27.0,縮尺固定 0.2291km/pt+2次
04,04214,東松島市,6,2,141.212752,38.427961,True,0.0,13.7,27.0,縮尺固定 0.2291km/pt+2次
04,04215,大崎市,7,3,140.901363,38.626714,True,0.0,13.7,27.0,縮尺固定 0.2291km/pt+2次
04,04421,大和町,8,3,140.968786,38.416246,True,0.0,13.7,27.0,縮尺固定 0.2291km/pt+2次
05,05203,横手市,1,5,140.550302,39.308608,True,0.0,19.8,34.0,全体bbox+アフィン+2次
05,05203,横手市,2,5,140.551407,39.308612,True,0.0,15.0,34.0,全体bbox+アフィン+2次
05,05203,横手市,3,5,140.446315,39.325341,True,0.0,61.9,34.0,全体bbox+アフィン+2次
05,05203,横手市,4,5,140.446321,39.324482,True,0.0,61.7,34.0,全体bbox+アフィン+2次
05,05207,湯沢市,5,5,140.442176,39.148503,True,0.0,59.6,34.0,全体bbox+アフィン+2次
05,05207,湯沢市,6,5,140.444367,39.150231,True,0.0,17.5,34.0,全体bbox+アフィン+2次
05,05212,大仙市,7,5,140.478931,39.398444,True,0.0,11.3,34.0,全体bbox+アフィン+2次
05,05212,大仙市,8,5,140.475574,39.403579,True,0.0,46.3,34.0,全体bbox+アフィン+2次
05,05303,小坂町,9,3,140.753001,40.384545,True,0.0,13.7,34.0,全体bbox+アフィン+2次
06,06201,山形市,1,5,140.354556,38.270264,True,0.0,13.7,30.0,縮尺固定 0.2291km/pt+アフィン+2次
06,06201,山形市,2,5,140.290585,38.246083,True,0.0,35.9,30.0,縮尺固定 0.2291km/pt+アフィン+2次
06,06201,山形市,3,5,140.338032,38.218822,True,0.0,13.7,30.0,縮尺固定 0.2291km/pt+アフィン+2次
06,06205,新庄市,4,5,140.311275,38.750759,True,0.0,14.1,30.0,縮尺固定 0.2291km/pt+アフィン+2次
06,06205,新庄市,5,5,140.291084,38.774452,True,0.0,46.6,30.0,縮尺固定 0.2291km/pt+アフィン+2次
06,06207,上山市,6,5,140.283908,38.158225,True,0.0,13.7,30.0,縮尺固定 0.2291km/pt+アフィン+2次
06,06209,長井市,7,5,140.047508,38.07171,True,0.0,25.2,30.0,縮尺固定 0.2291km/pt+アフィン+2次
06,06210,天童市,8,5,140.379493,38.335144,True,0.0,13.7,30.0,縮尺固定 0.2291km/pt+アフィン+2次
06,06211,東根市,9,3,140.347497,38.424276,True,0.0,13.8,30.0,縮尺固定 0.2291km/pt+アフィン+2次
06,06213,南陽市,10,5,140.142585,38.072441,True,0.0,14.1,30.0,縮尺固定 0.2291km/pt+アフィン+2次
06,06302,中山町,11,3,140.226344,38.33945,True,0.0,13.7,30.0,縮尺固定 0.2291km/pt+アフィン+2次
06,06363,舟形町,12,2,140.275889,38.67762,True,0.0,14.1,30.0,縮尺固定 0.2291km/pt+アフィン+2次
07,07201,福島市,1,3,140.401984,37.741686,True,0.0,11.8,34.0,縮尺固定 0.2645km/pt+アフィン+2次
07,07203,郡山市,2,5,140.416046,37.324508,True,0.0,63.2,34.0,縮尺固定 0.2645km/pt+アフィン+2次
07,07203,郡山市,3,5,140.335786,37.404787,True,0.0,38.5,34.0,縮尺固定 0.2645km/pt+アフィン+2次
07,07203,郡山市,4,1,140.529973,37.32845,True,0.0,34.5,34.0,縮尺固定 0.2645km/pt+アフィン+2次
07,07203,郡山市,5,4,140.425361,37.371774,True,0.0,24.7,34.0,縮尺固定 0.2645km/pt+アフィン+2次
07,07203,郡山市,6,5,140.525441,37.365349,True,0.0,7.0,34.0,縮尺固定 0.2645km/pt+アフィン+2次
07,07203,郡山市,7,5,140.363205,37.343982,True,0.0,33.5,34.0,縮尺固定 0.2645km/pt+アフィン+2次
07,07203,郡山市,8,1,140.550537,37.305349,True,0.0,47.5,34.0,縮尺固定 0.2645km/pt+アフィン+2次
07,07203,郡山市,9,1,140.492225,37.346323,True,0.0,75.1,34.0,縮尺固定 0.2645km/pt+アフィン+2次
07,07203,郡山市,10,1,140.489244,37.310251,True,0.0,27.3,34.0,縮尺固定 0.2645km/pt+アフィン+2次
07,07203,郡山市,11,4,140.387943,37.475469,True,0.0,14.9,34.0,縮尺固定 0.2645km/pt+アフィン+2次
07,07204,いわき市,12,1,140.709013,37.177917,True,0.0,5.2,34.0,縮尺固定 0.2645km/pt+アフィン+2次
07,07204,いわき市,13,1,140.721819,37.196836,True,0.0,6.2,34.0,縮尺固定 0.2645km/pt+アフィン+2次
07,07204,いわき市,14,1,140.624211,37.186266,True,0.0,25.3,34.0,縮尺固定 0.2645km/pt+アフィン+2次
07,07204,いわき市,15,1,140.840048,37.110335,True,0.0,10.1,34.0,縮尺固定 0.2645km/pt+アフィン+2次
07,07204,いわき市,16,1,140.705588,37.23114,True,0.0,24.7,34.0,縮尺固定 0.2645km/pt+アフィン+2次
07,07204,いわき市,17,3,140.862864,36.935209,True,0.0,11.8,34.0,縮尺固定 0.2645km/pt+アフィン+2次
07,07207,須賀川市,18,1,140.385279,37.274557,True,0.0,48.9,34.0,縮尺固定 0.2645km/pt+アフィン+2次
07,07208,喜多方市,19,2,139.8683,37.646778,True,0.0,11.8,34.0,縮尺固定 0.2645km/pt+アフィン+2次
07,07209,相馬市,20,4,140.926231,37.785274,True,0.0,11.8,34.0,縮尺固定 0.2645km/pt+アフィン+2次
07,07211,田村市,21,4,140.565823,37.450501,True,0.0,11.8,34.0,縮尺固定 0.2645km/pt+アフィン+2次
07,07408,猪苗代町,22,3,140.142692,37.539192,True,0.0,12.1,34.0,縮尺固定 0.2645km/pt+アフィン+2次
07,07466,矢吹町,23,4,140.342991,37.196203,True,0.0,65.0,34.0,縮尺固定 0.2645km/pt+アフィン+2次
07,07466,矢吹町,24,4,140.355949,37.18683,True,0.0,59.5,34.0,縮尺固定 0.2645km/pt+アフィン+2次
07,07502,玉川村,25,1,140.480299,37.204611,True,0.0,111.6,34.0,縮尺固定 0.2645km/pt+アフィン+2次
07,07502,玉川村,26,1,140.479226,37.204607,True,0.0,103.8,34.0,縮尺固定 0.2645km/pt+アフィン+2次
07,07503,平田村,27,1,140.595001,37.230815,True,0.0,71.2,34.0,縮尺固定 0.2645km/pt+アフィン+2次
07,07503,平田村,28,1,140.59172,37.241965,True,0.0,53.5,34.0,縮尺固定 0.2645km/pt+アフィン+2次
07,07503,平田村,29,1,140.586379,37.236795,True,0.0,58.7,34.0,縮尺固定 0.2645km/pt+アフィン+2次
07,07505,古殿町,30,3,140.576253,37.127723,True,0.0,13.0,34.0,縮尺固定 0.2645km/pt+アフィン+2次
07,07505,古殿町,31,1,140.603026,37.133825,True,0.0,6.7,34.0,縮尺固定 0.2645km/pt+アフィン+2次
07,07505,古殿町,32,1,140.562374,37.11737,True,0.0,50.4,34.0,縮尺固定 0.2645km/pt+アフィン+2次
07,07505,古殿町,33,1,140.727705,37.050892,False,8.211,3009.1,34.0,縮尺固定 0.2645km/pt+アフィン+2次
07,07505,古殿町,34,1,140.620667,37.036865,True,0.0,52.9,34.0,縮尺固定 0.2645km/pt+アフィン+2次
07,07521,三春町,35,1,140.538624,37.495901,True,0.0,11.8,34.0,縮尺固定 0.2645km/pt+アフィン+2次
07,07522,小野町,36,1,140.601271,37.263461,True,0.0,11.8,34.0,縮尺固定 0.2645km/pt+アフィン+2次
07,07522,小野町,37,1,140.570786,37.335473,True,0.0,6.8,34.0,縮尺固定 0.2645km/pt+アフィン+2次
08,08203,土浦市,1,1,140.182867,36.078367,True,0.0,10.0,27.0,ラベル重心+アフィン+2次
08,08219,牛久市,2,3,140.247484,35.975474,True,0.0,14.1,27.0,ラベル重心+アフィン+2次
08,08220,つくば市,3,1,140.09667,36.084049,True,0.0,69.5,27.0,ラベル重心+アフィン+2次
08,08220,つくば市,4,1,140.09899,36.084696,True,0.0,26.4,27.0,ラベル重心+アフィン+2次
08,08235,つくばみらい市,5,1,140.028667,35.998472,True,0.0,13.7,27.0,ラベル重心+アフィン+2次
08,08302,茨城町,6,6,140.460553,36.319951,True,0.0,42.6,27.0,ラベル重心+アフィン+2次
08,08302,茨城町,7,6,140.461331,36.319955,True,0.0,39.7,27.0,ラベル重心+アフィン+2次
08,08302,茨城町,8,3,140.460557,36.319321,True,0.0,43.9,27.0,ラベル重心+アフィン+2次
09,09210,大田原市,1,4,140.032973,36.897421,True,0.0,52.1,28.0,縮尺固定 0.2117km/pt+アフィン+2次
09,09210,大田原市,2,4,140.036403,36.896762,True,0.0,11.9,28.0,縮尺固定 0.2117km/pt+アフィン+2次
09,09210,大田原市,3,4,140.041544,36.896117,True,0.0,9.6,28.0,縮尺固定 0.2117km/pt+アフィン+2次
10,10202,高崎市,1,3,139.098573,36.300203,True,0.0,13.7,30.0,縮尺固定 0.2294km/pt+2次
10,10428,高山村,2,4,138.962332,36.59038,True,0.0,13.7,30.0,縮尺固定 0.2294km/pt+2次
10,10444,川場村,3,5,139.113465,36.711178,True,0.0,13.7,30.0,縮尺固定 0.2294km/pt+2次
10,10521,板倉町,4,1,139.649634,36.222874,True,0.0,13.7,30.0,縮尺固定 0.2294km/pt+2次
11,11101,さいたま市,1,1,139.575857,35.926247,True,0.0,13.7,25.0,縮尺固定 0.1765km/pt+アフィン+2次
11,11109,さいたま市,2,1,139.696593,35.861787,True,0.0,13.7,25.0,縮尺固定 0.1765km/pt+アフィン+2次
11,11214,春日部市,3,2,139.755237,35.977482,True,0.0,13.7,25.0,縮尺固定 0.1765km/pt+アフィン+2次
11,11218,深谷市,4,1,139.268318,36.215851,True,0.0,14.1,25.0,縮尺固定 0.1765km/pt+アフィン+2次
11,11218,深谷市,5,1,139.267796,36.207257,True,0.0,9.7,25.0,縮尺固定 0.1765km/pt+アフィン+2次
12,12206,木更津市,1,4,140.091253,35.341962,True,0.0,13.7,25.0,最大ポリゴン+アフィン+2次
12,12206,木更津市,2,6,139.916271,35.431867,True,0.0,13.7,25.0,最大ポリゴン+アフィン+2次
12,12206,木更津市,3,3,139.910902,35.373232,True,0.0,13.7,25.0,最大ポリゴン+アフィン+2次
12,12206,木更津市,4,1,139.922066,35.343725,True,0.0,13.8,25.0,最大ポリゴン+アフィン+2次
12,12210,茂原市,5,4,140.295211,35.401245,True,0.0,11.3,25.0,最大ポリゴン+アフィン+2次
12,12210,茂原市,6,4,140.294436,35.40187,True,0.0,46.6,25.0,最大ポリゴン+アフィン+2次
12,12211,成田市,7,1,140.339113,35.780769,True,0.0,13.7,25.0,最大ポリゴン+アフィン+2次
12,12211,成田市,8,1,140.323657,35.780686,True,0.0,45.9,25.0,最大ポリゴン+アフィン+2次
12,12225,君津市,9,2,139.903934,35.319623,True,0.0,9.9,25.0,最大ポリゴン+アフィン+2次
13,13101,千代田区,1,1,139.744759,35.672922,True,0.0,46.4,21.0,ラベル重心+アフィン+2次
13,13102,中央区,2,1,139.775002,35.677356,True,0.0,14.1,21.0,ラベル重心+アフィン+2次
13,13103,港区,3,1,139.749327,35.667932,True,0.0,9.7,21.0,ラベル重心+アフィン+2次
13,13113,渋谷区,4,1,139.710155,35.660649,True,0.0,51.4,21.0,ラベル重心+アフィン+2次
13,13117,北区,5,3,139.72511,35.743706,True,0.0,13.7,21.0,ラベル重心+アフィン+2次
13,13201,八王子市,6,1,139.36136,35.647252,True,0.0,14.9,21.0,ラベル重心+アフィン+2次
13,13201,八王子市,7,1,139.320667,35.661345,True,0.0,35.8,21.0,ラベル重心+アフィン+2次
13,13204,三鷹市,8,1,139.550281,35.687682,True,0.0,13.7,21.0,ラベル重心+アフィン+2次
13,13210,小金井市,9,1,139.498372,35.7017,True,0.0,74.0,21.0,ラベル重心+アフィン+2次
13,13210,小金井市,10,1,139.498372,35.7017,True,0.0,74.3,21.0,ラベル重心+アフィン+2次
13,13219,狛江市,11,2,139.582792,35.627161,True,0.0,13.7,21.0,ラベル重心+アフィン+2次
13,13224,多摩市,12,2,139.420087,35.628345,True,0.0,14.1,21.0,ラベル重心+アフィン+2次
14,14366,開成町,1,1,139.12126,35.321314,True,0.0,51.9,19.0,縮尺固定 0.1411km/pt+2次
17,17201,金沢市,1,2,136.664839,36.560889,True,0.0,11.8,28.0,縮尺固定 0.2291km/pt+アフィン+2次
17,17201,金沢市,2,2,136.574425,36.562847,True,0.0,23.1,28.0,縮尺固定 0.2291km/pt+アフィン+2次
17,17202,七尾市,3,5,136.854978,37.178093,False,0.055,66.8,28.0,縮尺固定 0.2291km/pt+アフィン+2次
17,17203,小松市,4,5,136.451575,36.409559,True,0.0,8.1,28.0,縮尺固定 0.2291km/pt+アフィン+2次
17,17203,小松市,5,5,136.45398,36.390179,True,0.0,8.5,28.0,縮尺固定 0.2291km/pt+アフィン+2次
17,17203,小松市,6,5,136.441293,36.401492,True,0.0,44.3,28.0,縮尺固定 0.2291km/pt+アフィン+2次
17,17209,かほく市,7,5,136.725703,36.766199,True,0.0,11.4,28.0,縮尺固定 0.2291km/pt+アフィン+2次
17,17209,かほく市,8,2,136.696192,36.728661,True,0.0,11.3,28.0,縮尺固定 0.2291km/pt+アフィン+2次
17,17209,かほく市,9,4,136.701364,36.711469,True,0.0,8.9,28.0,縮尺固定 0.2291km/pt+アフィン+2次
17,17210,白山市,10,5,136.582882,36.524778,True,0.0,6.8,28.0,縮尺固定 0.2291km/pt+アフィン+2次
17,17210,白山市,11,5,136.575017,36.546465,True,0.0,49.6,28.0,縮尺固定 0.2291km/pt+アフィン+2次
17,17211,能美市,12,5,136.45577,36.437047,True,0.0,48.9,28.0,縮尺固定 0.2291km/pt+アフィン+2次
17,17211,能美市,13,3,136.577823,36.457114,True,0.0,6.8,28.0,縮尺固定 0.2291km/pt+アフィン+2次
17,17211,能美市,14,5,136.464063,36.436949,True,0.0,7.3,28.0,縮尺固定 0.2291km/pt+アフィン+2次
17,17361,津幡町,15,5,136.725131,36.657539,True,0.0,11.8,28.0,縮尺固定 0.2291km/pt+アフィン+2次
17,17386,宝達志水町,16,3,136.799725,36.884939,True,0.0,8.0,28.0,縮尺固定 0.2291km/pt+アフィン+2次
17,17407,中能登町,17,4,136.915433,36.991054,True,0.0,62.0,28.0,縮尺固定 0.2291km/pt+アフィン+2次
17,17407,中能登町,18,4,136.8934,36.963124,True,0.0,106.6,28.0,縮尺固定 0.2291km/pt+アフィン+2次
17,17407,中能登町,19,5,136.908178,36.99787,True,0.0,19.4,28.0,縮尺固定 0.2291km/pt+アフィン+2次
17,17407,中能登町,20,3,136.927604,36.995322,True,0.0,6.7,28.0,縮尺固定 0.2291km/pt+アフィン+2次
17,17407,中能登町,21,4,136.904417,36.958481,True,0.0,33.8,28.0,縮尺固定 0.2291km/pt+アフィン+2次
17,17407,中能登町,22,4,136.891435,36.95869,True,0.0,104.4,28.0,縮尺固定 0.2291km/pt+アフィン+2次
17,17407,中能登町,23,5,136.880508,37.005012,True,0.0,46.4,28.0,縮尺固定 0.2291km/pt+アフィン+2次
17,17407,中能登町,24,4,136.901672,36.960014,True,0.0,114.1,28.0,縮尺固定 0.2291km/pt+アフィン+2次
18,18202,敦賀市,1,3,136.057029,35.638968,True,0.0,13.7,27.0,縮尺固定 0.2117km/pt+アフィン+2次
20,20201,長野市,1,2,138.201782,36.622988,True,0.0,9.8,38.0,縮尺固定 0.3001km/pt+2次
20,20201,長野市,2,5,138.185141,36.648866,True,0.0,46.7,38.0,縮尺固定 0.3001km/pt+2次
20,20202,松本市,3,1,137.890122,36.236783,True,0.0,86.0,38.0,縮尺固定 0.3001km/pt+2次
20,20202,松本市,4,2,137.96482,36.230915,True,0.0,55.9,38.0,縮尺固定 0.3001km/pt+2次
20,20202,松本市,5,4,137.972614,36.184407,True,0.0,31.8,38.0,縮尺固定 0.3001km/pt+2次
20,20202,松本市,6,1,137.956384,36.231674,True,0.0,87.6,38.0,縮尺固定 0.3001km/pt+2次
20,20202,松本市,7,2,137.983945,36.233344,True,0.0,32.5,38.0,縮尺固定 0.3001km/pt+2次
20,20202,松本市,8,2,137.936439,36.219489,True,0.0,91.6,38.0,縮尺固定 0.3001km/pt+2次
20,20203,上田市,9,2,138.255867,36.391687,True,0.0,14.1,38.0,縮尺固定 0.3001km/pt+2次
20,20210,駒ヶ根市,10,6,138.032609,35.733405,True,0.0,14.1,38.0,縮尺固定 0.3001km/pt+2次
20,20212,大町市,11,3,137.856004,36.48789,True,0.0,19.8,38.0,縮尺固定 0.3001km/pt+2次
20,20212,大町市,12,3,137.854721,36.489802,True,0.0,72.4,38.0,縮尺固定 0.3001km/pt+2次
20,20212,大町市,13,1,137.815847,36.526716,True,0.0,14.1,38.0,縮尺固定 0.3001km/pt+2次
20,20213,飯山市,14,5,138.368707,36.858375,True,0.0,14.1,38.0,縮尺固定 0.3001km/pt+2次
20,20214,茅野市,15,1,138.156195,35.985519,True,0.0,40.3,38.0,縮尺固定 0.3001km/pt+2次
20,20214,茅野市,16,1,138.243686,36.017725,True,0.0,14.1,38.0,縮尺固定 0.3001km/pt+2次
20,20215,塩尻市,17,2,137.966049,36.136561,True,0.0,9.6,38.0,縮尺固定 0.3001km/pt+2次
20,20215,塩尻市,18,1,137.951293,36.145917,True,0.0,93.0,38.0,縮尺固定 0.3001km/pt+2次
20,20217,佐久市,19,5,138.472264,36.250483,True,0.0,26.0,38.0,縮尺固定 0.3001km/pt+2次
20,20220,安曇野市,20,1,137.936718,36.273986,True,0.0,48.1,38.0,縮尺固定 0.3001km/pt+2次
20,20309,佐久穂町,21,1,138.451203,36.158555,True,0.0,9.2,38.0,縮尺固定 0.3001km/pt+2次
20,20362,富士見町,22,1,138.270079,35.94631,True,0.0,9.7,38.0,縮尺固定 0.3001km/pt+2次
20,20363,原村,23,1,138.268221,35.965732,True,0.0,14.5,38.0,縮尺固定 0.3001km/pt+2次
20,20485,白馬村,24,5,137.854716,36.697031,True,0.0,14.1,38.0,縮尺固定 0.3001km/pt+2次
20,20602,栄村,25,1,138.501331,36.984822,True,0.0,8.4,38.0,縮尺固定 0.3001km/pt+2次
23,23104,名古屋市,1,2,136.875649,35.184053,True,0.0,53.8,26.0,縮尺固定 0.1766km/pt+アフィン+2次
23,23104,名古屋市,2,5,136.892658,35.195809,True,0.0,48.9,26.0,縮尺固定 0.1766km/pt+アフィン+2次
23,23105,名古屋市,3,2,136.883511,35.162179,True,0.0,13.5,26.0,縮尺固定 0.1766km/pt+アフィン+2次
23,23111,名古屋市,4,2,136.889932,35.108269,True,0.0,27.0,26.0,縮尺固定 0.1766km/pt+アフィン+2次
23,23112,名古屋市,5,2,136.935976,35.110976,True,0.0,15.3,26.0,縮尺固定 0.1766km/pt+アフィン+2次
23,23114,名古屋市,6,3,136.94928,35.055232,True,0.0,11.4,26.0,縮尺固定 0.1766km/pt+アフィン+2次
23,23115,名古屋市,7,5,136.990089,35.187378,True,0.0,19.5,26.0,縮尺固定 0.1766km/pt+アフィン+2次
23,23201,豊橋市,8,2,137.39191,34.738652,True,0.0,27.7,26.0,縮尺固定 0.1766km/pt+アフィン+2次
23,23202,岡崎市,9,5,137.153992,34.976761,True,0.0,15.2,26.0,縮尺固定 0.1766km/pt+アフィン+2次
23,23203,一宮市,10,5,136.81244,35.320094,True,0.0,34.7,26.0,縮尺固定 0.1766km/pt+アフィン+2次
23,23203,一宮市,11,1,136.794107,35.312355,True,0.0,85.8,26.0,縮尺固定 0.1766km/pt+アフィン+2次
23,23203,一宮市,12,3,136.742366,35.309676,True,0.0,61.5,26.0,縮尺固定 0.1766km/pt+アフィン+2次
23,23203,一宮市,13,2,136.82634,35.347929,True,0.0,35.9,26.0,縮尺固定 0.1766km/pt+アフィン+2次
23,23203,一宮市,14,3,136.823755,35.295314,True,0.0,55.8,26.0,縮尺固定 0.1766km/pt+アフィン+2次
23,23203,一宮市,15,3,136.839897,35.268169,True,0.0,56.5,26.0,縮尺固定 0.1766km/pt+アフィン+2次
23,23203,一宮市,16,1,136.768211,35.309874,True,0.0,66.7,26.0,縮尺固定 0.1766km/pt+アフィン+2次
23,23204,瀬戸市,17,5,137.094785,35.218239,True,0.0,8.9,26.0,縮尺固定 0.1766km/pt+アフィン+2次
23,23204,瀬戸市,18,5,137.111876,35.23168,True,0.0,17.4,26.0,縮尺固定 0.1766km/pt+アフィン+2次
23,23206,春日井市,19,1,136.983691,35.239571,True,0.0,20.7,26.0,縮尺固定 0.1766km/pt+アフィン+2次
23,23206,春日井市,20,5,136.952417,35.273849,True,0.0,27.2,26.0,縮尺固定 0.1766km/pt+アフィン+2次
23,23208,津島市,21,5,136.71863,35.178368,True,0.0,59.7,26.0,縮尺固定 0.1766km/pt+アフィン+2次
23,23215,犬山市,22,5,136.953797,35.331061,True,0.0,27.4,26.0,縮尺固定 0.1766km/pt+アフィン+2次
23,23219,小牧市,23,3,136.988229,35.282424,True,0.0,13.9,26.0,縮尺固定 0.1766km/pt+アフィン+2次
23,23222,東海市,24,3,136.908772,35.01981,True,0.0,15.1,26.0,縮尺固定 0.1766km/pt+アフィン+2次
23,23223,大府市,25,5,136.975292,35.007865,True,0.0,14.9,26.0,縮尺固定 0.1766km/pt+アフィン+2次
23,23223,大府市,26,3,136.938213,34.999304,True,0.0,58.6,26.0,縮尺固定 0.1766km/pt+アフィン+2次
23,23223,大府市,27,2,136.940138,34.992402,True,0.0,14.3,26.0,縮尺固定 0.1766km/pt+アフィン+2次
23,23225,知立市,28,1,136.869458,34.974048,False,16.683,3062.6,26.0,縮尺固定 0.1766km/pt+アフィン+2次
23,23228,岩倉市,29,1,136.869114,35.29405,True,0.0,18.3,26.0,縮尺固定 0.1766km/pt+アフィン+2次
23,23229,豊明市,30,3,137.033997,35.074448,True,0.0,25.3,26.0,縮尺固定 0.1766km/pt+アフィン+2次
23,23230,日進市,31,5,137.033189,35.154034,True,0.0,8.9,26.0,縮尺固定 0.1766km/pt+アフィン+2次
23,23234,北名古屋市,32,5,136.854921,35.253631,True,0.0,54.8,26.0,縮尺固定 0.1766km/pt+アフィン+2次
23,23235,弥富市,33,2,136.773489,35.103732,True,0.0,56.5,26.0,縮尺固定 0.1766km/pt+アフィン+2次
23,23236,みよし市,34,5,137.076761,35.085744,True,0.0,14.6,26.0,縮尺固定 0.1766km/pt+アフィン+2次
23,23237,あま市,35,5,136.786767,35.169368,True,0.0,53.3,26.0,縮尺固定 0.1766km/pt+アフィン+2次
23,23238,長久手市,36,5,137.048209,35.169236,True,0.0,16.6,26.0,縮尺固定 0.1766km/pt+アフィン+2次
23,23342,豊山町,37,1,136.916756,35.241793,True,0.0,29.9,26.0,縮尺固定 0.1766km/pt+アフィン+2次
23,23441,阿久比町,38,3,136.899207,34.936941,True,0.0,27.5,26.0,縮尺固定 0.1766km/pt+アフィン+2次
24,24201,津市,1,4,136.469949,34.755885,True,0.0,38.7,28.0,縮尺固定 0.2468km/pt+アフィン+2次
24,24201,津市,2,3,136.509831,34.758607,True,0.0,11.0,28.0,縮尺固定 0.2468km/pt+アフィン+2次
24,24201,津市,3,1,136.474728,34.69649,True,0.0,12.6,28.0,縮尺固定 0.2468km/pt+アフィン+2次
24,24201,津市,4,3,136.507438,34.787504,True,0.0,12.6,28.0,縮尺固定 0.2468km/pt+アフィン+2次
24,24202,四日市市,5,3,136.604226,35.019609,True,0.0,9.9,28.0,縮尺固定 0.2468km/pt+アフィン+2次
24,24202,四日市市,6,3,136.559725,35.037023,True,0.0,21.3,28.0,縮尺固定 0.2468km/pt+アフィン+2次
24,24204,松阪市,7,3,136.58503,34.523515,True,0.0,12.6,28.0,縮尺固定 0.2468km/pt+アフィン+2次
24,24204,松阪市,8,4,136.481997,34.61381,True,0.0,38.7,28.0,縮尺固定 0.2468km/pt+アフィン+2次
24,24204,松阪市,9,3,136.519901,34.618157,True,0.0,12.6,28.0,縮尺固定 0.2468km/pt+アフィン+2次
24,24205,桑名市,10,5,136.631771,35.132301,True,0.0,12.6,28.0,縮尺固定 0.2468km/pt+アフィン+2次
24,24205,桑名市,11,3,136.641847,35.04958,True,0.0,12.6,28.0,縮尺固定 0.2468km/pt+アフィン+2次
24,24207,鈴鹿市,12,5,136.544273,34.887276,True,0.0,22.1,28.0,縮尺固定 0.2468km/pt+アフィン+2次
24,24207,鈴鹿市,13,3,136.634721,34.885301,True,0.0,12.6,28.0,縮尺固定 0.2468km/pt+アフィン+2次
24,24208,名張市,14,2,136.099021,34.626672,True,0.0,19.3,28.0,縮尺固定 0.2468km/pt+アフィン+2次
24,24208,名張市,15,2,136.099031,34.627474,True,0.0,20.7,28.0,縮尺固定 0.2468km/pt+アフィン+2次
24,24210,亀山市,16,3,136.486134,34.900825,True,0.0,27.0,28.0,縮尺固定 0.2468km/pt+アフィン+2次
24,24214,いなべ市,17,3,136.570651,35.099425,True,0.0,33.7,28.0,縮尺固定 0.2468km/pt+アフィン+2次
24,24216,伊賀市,18,2,136.132782,34.754668,True,0.0,12.9,28.0,縮尺固定 0.2468km/pt+アフィン+2次
25,25201,大津市,1,5,135.861589,35.00777,True,0.0,14.5,23.0,縮尺固定 0.1587km/pt+2次
25,25203,長浜市,2,3,136.255244,35.427536,True,0.0,22.6,23.0,縮尺固定 0.1587km/pt+2次
25,25203,長浜市,3,3,136.253992,35.428064,True,0.0,67.4,23.0,縮尺固定 0.1587km/pt+2次
25,25203,長浜市,4,5,136.124686,35.503571,True,0.0,14.4,23.0,縮尺固定 0.1587km/pt+2次
25,25203,長浜市,5,5,136.291556,35.374577,True,0.0,14.4,23.0,縮尺固定 0.1587km/pt+2次
25,25204,近江八幡市,6,1,136.116331,35.125292,True,0.0,25.0,23.0,縮尺固定 0.1587km/pt+2次
25,25204,近江八幡市,7,5,136.074661,35.153504,True,0.0,55.1,23.0,縮尺固定 0.1587km/pt+2次
25,25209,甲賀市,8,3,136.208986,34.897612,True,0.0,14.4,23.0,縮尺固定 0.1587km/pt+2次
25,25209,甲賀市,9,5,136.168649,34.965526,True,0.0,14.4,23.0,縮尺固定 0.1587km/pt+2次
25,25209,甲賀市,10,5,136.174834,35.004126,True,0.0,14.4,23.0,縮尺固定 0.1587km/pt+2次
25,25209,甲賀市,11,5,136.174174,34.957742,True,0.0,10.4,23.0,縮尺固定 0.1587km/pt+2次
25,25212,高島市,12,5,136.053015,35.469685,True,0.0,14.4,23.0,縮尺固定 0.1587km/pt+2次
25,25213,東近江市,13,4,136.192504,35.14261,True,0.0,14.4,23.0,縮尺固定 0.1587km/pt+2次
25,25213,東近江市,14,4,136.205121,35.104343,True,0.0,14.4,23.0,縮尺固定 0.1587km/pt+2次
25,25292,,15,5,136.268905,35.253688,,,14.4,23.0,縮尺固定 0.1587km/pt+2次
26,26102,京都市,1,5,135.747056,35.023338,True,0.0,59.1,27.0,縮尺固定 0.2115km/pt+アフィン+2次
26,26103,京都市,2,5,135.764827,35.047971,True,0.0,21.2,27.0,縮尺固定 0.2115km/pt+アフィン+2次
26,26104,京都市,3,5,135.770353,35.012883,True,0.0,11.7,27.0,縮尺固定 0.2115km/pt+アフィン+2次
26,26107,京都市,4,3,135.728311,34.981524,True,0.0,7.2,27.0,縮尺固定 0.2115km/pt+アフィン+2次
26,26107,京都市,5,5,135.714816,34.965795,True,0.0,56.8,27.0,縮尺固定 0.2115km/pt+アフィン+2次
26,26107,京都市,6,4,135.722236,34.954754,True,0.0,58.7,27.0,縮尺固定 0.2115km/pt+アフィン+2次
26,26108,京都市,7,5,135.645907,35.124266,True,0.0,8.0,27.0,縮尺固定 0.2115km/pt+アフィン+2次
26,26108,京都市,8,5,135.680147,35.014795,True,0.0,43.6,27.0,縮尺固定 0.2115km/pt+アフィン+2次
26,26109,京都市,9,5,135.720113,34.901841,True,0.0,37.0,27.0,縮尺固定 0.2115km/pt+アフィン+2次
26,26110,京都市,10,5,135.799912,34.95908,True,0.0,6.6,27.0,縮尺固定 0.2115km/pt+アフィン+2次
26,26111,京都市,11,5,135.707488,34.987833,True,0.0,47.9,27.0,縮尺固定 0.2115km/pt+アフィン+2次
26,26204,宇治市,12,5,135.805229,34.904058,True,0.0,13.3,27.0,縮尺固定 0.2115km/pt+アフィン+2次
26,26204,宇治市,13,5,135.806135,34.911613,True,0.0,17.2,27.0,縮尺固定 0.2115km/pt+アフィン+2次
26,26204,宇治市,14,5,135.762385,34.871341,True,0.0,15.1,27.0,縮尺固定 0.2115km/pt+アフィン+2次
26,26209,長岡京市,15,4,135.690983,34.910258,True,0.0,52.2,27.0,縮尺固定 0.2115km/pt+アフィン+2次
26,26211,京田辺市,16,4,135.760358,34.831487,True,0.0,50.4,27.0,縮尺固定 0.2115km/pt+アフィン+2次
27,27111,大阪市,1,5,135.498101,34.663065,True,0.0,12.9,20.0,縮尺固定 0.1410km/pt+2次
27,27142,堺市,2,4,135.507896,34.542498,True,0.0,29.8,20.0,縮尺固定 0.1410km/pt+2次
27,27142,堺市,3,3,135.500526,34.514573,True,0.0,9.5,20.0,縮尺固定 0.1410km/pt+2次
27,27143,堺市,4,5,135.523342,34.533267,True,0.0,9.3,20.0,縮尺固定 0.1410km/pt+2次
27,27202,岸和田市,5,3,135.374189,34.488447,True,0.0,12.6,20.0,縮尺固定 0.1410km/pt+2次
27,27203,豊中市,6,2,135.456581,34.777792,True,0.0,12.6,20.0,縮尺固定 0.1410km/pt+2次
27,27203,豊中市,7,5,135.462604,34.762188,True,0.0,9.5,20.0,縮尺固定 0.1410km/pt+2次
27,27207,高槻市,8,5,135.657761,34.865312,True,0.0,12.6,20.0,縮尺固定 0.1410km/pt+2次
27,27207,高槻市,9,3,135.600573,34.798704,True,0.0,12.6,20.0,縮尺固定 0.1410km/pt+2次
27,27210,枚方市,10,3,135.679608,34.817536,True,0.0,12.6,20.0,縮尺固定 0.1410km/pt+2次
27,27212,八尾市,11,6,135.594179,34.604892,True,0.0,12.6,20.0,縮尺固定 0.1410km/pt+2次
27,27212,八尾市,12,5,135.626606,34.642307,True,0.0,12.6,20.0,縮尺固定 0.1410km/pt+2次
27,27215,寝屋川市,13,2,135.519849,34.770664,False,7.463,3013.0,20.0,縮尺固定 0.1410km/pt+2次
27,27217,松原市,14,5,135.549537,34.558815,True,0.0,7.7,20.0,縮尺固定 0.1410km/pt+2次
27,27217,松原市,15,3,135.580202,34.587544,True,0.0,52.6,20.0,縮尺固定 0.1410km/pt+2次
27,27218,大東市,16,4,135.642726,34.718754,True,0.0,12.6,20.0,縮尺固定 0.1410km/pt+2次
27,27227,東大阪市,17,4,135.598046,34.679571,True,0.0,9.4,20.0,縮尺固定 0.1410km/pt+2次
27,27227,東大阪市,18,5,135.614792,34.693693,True,0.0,11.9,20.0,縮尺固定 0.1410km/pt+2次
29,29201,奈良市,1,5,135.786628,34.720263,True,0.0,13.7,22.0,縮尺固定 0.1588km/pt+2次
29,29201,奈良市,2,1,135.738285,34.690664,True,0.0,12.6,22.0,縮尺固定 0.1588km/pt+2次
29,29201,奈良市,3,5,135.731628,34.713386,True,0.0,25.4,22.0,縮尺固定 0.1588km/pt+2次
29,29203,大和郡山市,4,4,135.773427,34.645597,True,0.0,13.7,22.0,縮尺固定 0.1588km/pt+2次
29,29203,大和郡山市,5,5,135.784539,34.63367,True,0.0,9.7,22.0,縮尺固定 0.1588km/pt+2次
29,29204,天理市,6,3,135.827974,34.611732,True,0.0,9.8,22.0,縮尺固定 0.1588km/pt+2次
29,29205,橿原市,7,5,135.768955,34.501794,True,0.0,46.6,22.0,縮尺固定 0.1588km/pt+2次
29,29205,橿原市,8,5,135.783301,34.504281,True,0.0,14.5,22.0,縮尺固定 0.1588km/pt+2次
29,29344,斑鳩町,9,1,135.73429,34.594286,True,0.0,16.7,22.0,縮尺固定 0.1588km/pt+2次
29,29362,三宅町,10,5,135.772742,34.573429,True,0.0,58.3,22.0,縮尺固定 0.1588km/pt+2次
29,29363,田原本町,11,5,135.77706,34.568762,True,0.0,12.9,22.0,縮尺固定 0.1588km/pt+2次
29,29363,田原本町,12,2,135.76821,34.555414,True,0.0,9.5,22.0,縮尺固定 0.1588km/pt+2次
29,29401,高取町,13,5,135.794603,34.449045,True,0.0,13.7,22.0,縮尺固定 0.1588km/pt+2次
30,30362,広川町,1,5,135.194258,33.971669,True,0.0,13.7,21.0,縮尺固定 0.1764km/pt+アフィン+2次
30,30366,有田川町,2,1,135.19656,34.070198,True,0.0,13.8,21.0,縮尺固定 0.1764km/pt+アフィン+2次
30,30401,白浜町,3,2,135.403942,33.666384,True,0.0,9.7,21.0,縮尺固定 0.1764km/pt+アフィン+2次
30,30404,上富田町,4,5,135.428739,33.691503,True,0.0,13.7,21.0,縮尺固定 0.1764km/pt+アフィン+2次
31,31202,米子市,1,3,133.388883,35.436187,True,0.0,14.1,25.0,縮尺固定 0.1940km/pt+アフィン+2次
32,32201,松江市,1,1,133.086544,35.44704,True,0.0,14.1,36.0,縮尺固定 0.3356km/pt+アフィン+2次
32,32201,松江市,2,1,133.104301,35.426648,True,0.0,9.6,36.0,縮尺固定 0.3356km/pt+アフィン+2次
34,34107,広島市,1,3,132.541757,34.34839,True,0.0,9.4,29.0,縮尺固定 0.2292km/pt+アフィン+2次
34,34108,広島市,2,5,132.396866,34.419812,True,0.0,13.7,29.0,縮尺固定 0.2292km/pt+アフィン+2次
34,34214,安芸高田市,3,5,132.602994,34.623494,True,0.0,13.7,29.0,縮尺固定 0.2292km/pt+アフィン+2次
34,34304,海田町,4,3,132.553341,34.382115,True,0.0,13.7,29.0,縮尺固定 0.2292km/pt+アフィン+2次
34,34304,海田町,5,4,132.540361,34.365481,True,0.0,52.1,29.0,縮尺固定 0.2292km/pt+アフィン+2次
34,34368,安芸太田町,6,1,132.276559,34.556356,True,0.0,13.7,29.0,縮尺固定 0.2292km/pt+アフィン+2次
34,34369,北広島町,7,5,132.461316,34.634021,True,0.0,14.1,29.0,縮尺固定 0.2292km/pt+アフィン+2次
34,34369,北広島町,8,5,132.47537,34.763805,True,0.0,14.1,29.0,縮尺固定 0.2292km/pt+アフィン+2次
34,34462,世羅町,9,1,133.041644,34.577739,True,0.0,14.1,29.0,縮尺固定 0.2292km/pt+アフィン+2次
35,35203,山口市,1,5,131.39723,34.090869,True,0.0,14.1,29.0,縮尺固定 0.2469km/pt+アフィン+2次
35,35204,萩市,2,5,131.357548,34.39541,True,0.0,8.7,29.0,縮尺固定 0.2469km/pt+アフィン+2次
35,35204,萩市,3,5,131.355683,34.397851,True,0.0,51.6,29.0,縮尺固定 0.2469km/pt+アフィン+2次
35,35216,山陽小野田市,4,2,131.167043,34.055875,True,0.0,14.1,29.0,縮尺固定 0.2469km/pt+アフィン+2次
36,36201,徳島市,1,1,134.472052,34.068041,True,0.0,30.5,22.0,最大ポリゴン+アフィン+2次
36,36201,徳島市,2,4,134.543583,34.074058,True,0.0,40.0,22.0,最大ポリゴン+アフィン+2次
36,36201,徳島市,3,5,134.533203,34.084327,True,0.0,57.2,22.0,最大ポリゴン+アフィン+2次
36,36201,徳島市,4,1,134.518046,34.087132,True,0.0,71.1,22.0,最大ポリゴン+アフィン+2次
36,36203,小松島市,5,1,134.06402,34.003178,False,53.635,3010.7,22.0,最大ポリゴン+アフィン+2次
36,36205,吉野川市,6,1,134.350836,34.082345,True,0.0,67.0,22.0,最大ポリゴン+アフィン+2次
36,36341,石井町,7,5,134.40802,34.073473,True,0.0,69.1,22.0,最大ポリゴン+アフィン+2次
36,36341,石井町,8,5,134.402463,34.080891,True,0.0,66.9,22.0,最大ポリゴン+アフィン+2次
36,36341,石井町,9,5,134.418272,34.083831,True,0.0,76.4,22.0,最大ポリゴン+アフィン+2次
36,36341,石井町,10,5,134.422381,34.086714,True,0.0,88.8,22.0,最大ポリゴン+アフィン+2次
36,36341,石井町,11,5,134.422346,34.091868,True,0.0,97.3,22.0,最大ポリゴン+アフィン+2次
36,36341,石井町,12,5,134.445213,34.068494,True,0.0,65.9,22.0,最大ポリゴン+アフィン+2次
36,36341,石井町,13,5,134.462324,34.082888,True,0.0,93.5,22.0,最大ポリゴン+アフィン+2次
36,36341,石井町,14,5,134.406692,34.066594,True,0.0,68.4,22.0,最大ポリゴン+アフィン+2次
36,36341,石井町,15,5,134.430744,34.071291,True,0.0,52.9,22.0,最大ポリゴン+アフィン+2次
36,36341,石井町,16,5,134.44436,34.093689,True,0.0,31.0,22.0,最大ポリゴン+アフィン+2次
36,36341,石井町,17,5,134.434823,34.078755,True,0.0,60.6,22.0,最大ポリゴン+アフィン+2次
37,37201,高松市,1,1,134.104536,34.342376,True,0.0,14.4,19.0,縮尺固定 0.1411km/pt+アフィン+2次
37,37201,高松市,2,3,133.967907,34.268458,True,0.0,14.4,19.0,縮尺固定 0.1411km/pt+アフィン+2次
37,37201,高松市,3,2,134.047711,34.336449,True,0.0,25.6,19.0,縮尺固定 0.1411km/pt+アフィン+2次
37,37201,高松市,4,2,134.037401,34.320334,True,0.0,9.8,19.0,縮尺固定 0.1411km/pt+アフィン+2次
37,37202,丸亀市,5,3,133.796974,34.298058,True,0.0,14.4,19.0,縮尺固定 0.1411km/pt+アフィン+2次
37,37202,丸亀市,6,5,133.860071,34.2446,True,0.0,24.7,19.0,縮尺固定 0.1411km/pt+アフィン+2次
37,37202,丸亀市,7,5,133.860071,34.2446,True,0.0,38.1,19.0,縮尺固定 0.1411km/pt+アフィン+2次
37,37206,さぬき市,8,2,134.215153,34.267539,True,0.0,14.4,19.0,縮尺固定 0.1411km/pt+アフィン+2次
37,37364,直島町,9,5,133.988759,34.463332,True,0.0,14.4,19.0,縮尺固定 0.1411km/pt+アフィン+2次
39,39201,高知市,1,1,133.562925,33.579931,True,0.0,14.1,29.0,縮尺固定 0.2647km/pt+アフィン+2次
39,39202,室戸市,2,1,134.092404,33.397695,True,0.0,14.1,29.0,縮尺固定 0.2647km/pt+アフィン+2次
39,39405,檮原町,3,1,132.939396,33.388181,True,0.0,13.7,29.0,縮尺固定 0.2647km/pt+アフィン+2次
39,39428,黒潮町,4,1,133.151731,33.128697,True,0.0,13.7,29.0,縮尺固定 0.2647km/pt+アフィン+2次
40,40202,大牟田市,1,1,130.513055,33.01142,True,0.0,10.2,28.0,最大ポリゴン+アフィン+2次
40,40202,大牟田市,2,1,130.492743,33.016477,True,0.0,46.6,28.0,最大ポリゴン+アフィン+2次
43,43105,熊本市,1,4,130.681094,32.872522,True,0.0,14.1,32.0,ラベル重心+アフィン+2次
43,43105,熊本市,2,4,130.672871,32.868336,True,0.0,16.2,32.0,ラベル重心+アフィン+2次
43,43204,荒尾市,3,1,130.456252,32.944098,True,0.0,14.1,32.0,ラベル重心+アフィン+2次
43,43206,玉名市,4,4,130.573277,32.878226,True,0.0,25.4,32.0,ラベル重心+アフィン+2次
43,43210,菊池市,5,1,130.950635,33.048179,True,0.0,13.7,32.0,ラベル重心+アフィン+2次
43,43348,美里町,6,4,130.797601,32.640626,True,0.0,14.4,32.0,ラベル重心+アフィン+2次
43,43348,美里町,7,1,130.785282,32.633928,True,0.0,52.5,32.0,ラベル重心+アフィン+2次
43,43368,長洲町,8,4,130.462236,32.936294,True,0.0,45.2,32.0,ラベル重心+アフィン+2次
43,43442,嘉島町,9,5,130.757141,32.7529,True,0.0,13.7,32.0,ラベル重心+アフィン+2次
43,43443,益城町,10,4,130.815737,32.633491,False,10.849,3009.8,32.0,ラベル重心+アフィン+2次
43,43447,山都町,11,1,131.03874,32.705678,True,0.0,14.1,32.0,ラベル重心+アフィン+2次
43,43514,あさぎり町,12,1,130.896341,32.215575,True,0.0,8.2,32.0,ラベル重心+アフィン+2次
43,43514,あさぎり町,13,1,130.877583,32.237336,True,0.0,52.9,32.0,ラベル重心+アフィン+2次
43,43531,苓北町,14,1,130.091378,32.5259,True,0.0,13.7,32.0,ラベル重心+アフィン+2次
